ano,cod_ibge,despesa_liquidada_educacao,desp_liq_fundamental,desp_liq_infantil,despesa_empenhada_educacao,desp_emp_fundamental,desp_emp_infantil
2015,3529005,139676257.3,49095482.05,56061590.35,143468268.36,51267569.0,57102520.48
2016,3529005,160720488.8,59376720.79,69154109.38,164402844.16,61004580.39,71155124.67
2017,3529005,154255863.86,56855197.74,66319419.7,156124898.75,57158428.08,67328464.28
2018,3529005,160852514.1,60804427.47,67375312.95,162546702.82,61297253.45,68431765.41
2019,3529005,176821915.62,67986587.17,72828762.86,182236644.54,70209630.41,75412198.86
2020,3529005,177892750.74,68996934.35,77230334.58,183236754.45,70843103.5,80480144.4
2021,3529005,172764744.37,71103281.12,66179465.92,188081298.65,78800353.82,69699005.08
2022,3529005,218352014.59,85353666.34,88507292.74,225540501.07,88782536.64,91599923.46
2023,3529005,276574425.36,98260014.05,98491974.99,301014049.87,110495547.69,108629726.69
2024,3529005,301260262.57,98890698.2,108626995.0,326518841.27,112606087.66,115386949.69
2025,3529005,342508402.03,119095475.42,132306682.34,353278568.21,120920015.25,140889759.91
2015,3516705,30247120.78,18361497.13,7741828.6,31599093.47,19456628.02,7758966.48
2016,3516705,27284852.84,16005242.12,6509643.75,27518318.08,16113005.5,6548733.81
2017,3516705,29224684.95,17431282.94,6851623.48,29726455.49,17545290.55,7118928.94
2018,3516705,33156701.07,20330130.35,8175438.63,34262239.19,21401927.16,8190244.91
2019,3516705,34783959.19,21912166.63,8030483.33,36883474.56,23840392.03,8196893.37
2020,3516705,30367584.01,18610723.67,8448935.06,31877704.75,20022142.62,8473959.21
2021,3516705,35031968.51,21823724.22,8576437.43,37244563.68,23312919.12,9096076.54
2022,3516705,45660019.02,24958087.89,10645984.31,48068461.01,25935136.38,11700895.78
2023,3516705,51815787.57,26845486.23,14870596.35,56634771.1,30710687.71,15660310.76
2024,3516705,55852045.19,30651304.5,16766326.7,57477199.93,31791770.01,17082845.52
2025,3516705,59415105.13,31706829.75,19347513.46,60300240.45,32091042.29,19612577.66
2015,3540002,14433205.29,6759890.1,6102098.17,19154286.39,9879607.42,7703197.95
2016,3540002,18830836.22,11331715.48,6757559.26,18880337.29,11381216.55,6757559.26
2017,3540002,17648063.06,9250498.36,6978378.13,17648063.06,9250498.36,6978378.13
2018,3540002,18492701.63,10042005.86,6828872.43,18503740.41,10052831.74,6829085.33
2019,3540002,19380849.96,10630313.43,7077267.77,19380849.96,10630313.43,7077267.77
2020,3540002,16617807.85,8732393.14,7461559.32,16702754.18,8797598.43,7481300.36
2021,3540002,23983000.43,13376211.94,9824968.38,24460327.66,13823689.17,9854818.38
2022,3540002,33371258.74,17899827.37,11739013.54,33371258.74,17899827.37,11739013.54
2023,3540002,38467546.09,19734434.62,14384556.22,38471686.09,19738574.62,14384556.22
2024,3540002,40289006.96,20729430.67,13788964.22,40532901.52,20815014.99,13947274.46
2025,3540002,47964725.98,26658702.73,14487134.67,47964725.99,26658702.74,14487134.67
2017,3556602,7435572.46,4742537.75,2251319.69,7436394.46,4742537.75,2252141.69
2018,3556602,8187365.65,5127062.89,2624997.73,8422328.67,5355225.69,2631797.95
2019,3556602,8541717.51,5353188.45,2691865.02,8557917.0,5369387.94,2691865.02
2020,3556602,7798318.06,4478056.76,2854844.42,7798318.06,4478056.76,2854844.42
2021,3556602,9404606.19,5820809.47,3084335.12,9427168.97,5839524.35,3087935.12
2022,3556602,12307874.27,7813164.36,3867130.07,12325931.81,7831221.9,3867130.07
2023,3556602,13572426.31,8942670.83,3928130.15,15337528.86,8948359.53,5687494.0
2024,3556602,15763605.21,10096275.09,4838675.46,15813000.25,10106415.18,4877048.59
2025,3556602,17140656.52,10556050.82,5686664.67,17161295.73,10574559.73,5688794.97
2015,3534005,4747017.71,3191634.39,1483655.63,4747017.71,3191634.39,1483655.63
2016,3534005,5385408.06,3503412.07,1796944.2,5385408.06,3503412.07,1796944.2
2017,3534005,4810846.63,3436963.2,1301876.07,4810846.63,3436963.2,1301876.07
2018,3534005,4597740.57,3622609.51,862935.04,4597740.57,3622609.51,862935.04
2019,3534005,5567801.96,4673749.35,815642.09,5655554.11,4761501.5,815642.09
2020,3534005,5047598.48,3815063.72,1167931.3,5196958.55,3815063.72,1317291.37
2021,3534005,6827127.14,5537972.99,1227414.0,6849994.89,5560840.74,1227414.0
2022,3534005,8464258.87,7328194.63,1092009.24,8464258.87,7328194.63,1092009.24
2023,3534005,9472189.93,8591833.04,821286.89,9472189.93,8591833.04,821286.89
2024,3534005,10720250.17,8843983.63,1785846.54,10720250.17,8843983.63,1785846.54
2025,3534005,11869831.7,10656555.02,1103134.28,11869831.7,10656555.02,1103134.28
2018,3533700,5212459.56,2947308.6,1966280.22,5284669.34,2947426.92,2038073.18
2019,3533700,5710326.55,3537087.17,1749764.02,5928550.57,3547217.01,1759772.7
2020,3533700,5709163.21,3495249.13,1852573.59,5718332.33,3499438.83,1855602.26
2021,3533700,6800744.93,4083806.16,2217547.02,7132361.38,4410289.71,2219553.08
2022,3533700,9346837.92,5344859.41,2915211.39,9378529.16,5360031.72,2929108.63
2023,3533700,10227092.17,5889819.45,3280895.25,10240913.07,5890329.45,3283240.56
2024,3533700,9942772.69,5677138.81,3164423.4,10051437.99,5680719.41,3268570.95
2025,3533700,12024227.43,6933035.65,4083568.17,12035257.24,6935345.48,4086002.23
2016,3527702,4923137.26,3390137.79,1233003.98,4923137.26,3390137.79,1233003.98
2017,3527702,5172229.0,3233500.62,1489149.09,5173735.85,3234659.05,1489149.09
2018,3527702,5378524.38,3426639.61,1636105.45,5686586.78,3734702.01,1636105.45
2019,3527702,6202316.86,3859138.57,2097048.66,6202316.86,3859138.57,2097048.66
2020,3527702,5534877.67,3430530.28,1946074.78,5534877.67,3430530.28,1946074.78
2021,3527702,6216542.08,4108861.47,1941784.06,6462611.99,4176157.4,2120558.04
2022,3527702,9744921.56,6469373.25,2792249.84,9998615.37,6723067.06,2792249.84
2023,3527702,10365106.2,6360092.93,3509157.95,10399959.68,6360092.93,3544011.43
2024,3527702,10378822.19,6358633.53,3574831.77,10485926.19,6457633.53,3582191.77
2025,3527702,12701202.05,7210972.24,5029934.42,12722792.94,7212507.19,5049990.36
2019,3501400,3650631.64,3125606.54,329765.0,3651141.64,3126011.54,329765.0
2020,3501400,3254416.8,2805843.51,335020.0,3527010.04,3077845.97,335020.0
2021,3501400,3697482.95,3155972.03,357211.67,3900200.28,3358404.66,357211.67
2022,3501400,4785456.84,3700201.2,521674.12,5873885.01,3751744.21,1546961.45
2023,3501400,5641403.89,3884623.18,969788.62,5664767.04,3902508.0,969788.62
2024,3501400,7146834.75,4514305.56,447621.68,7345042.59,4653445.84,452848.68
2025,3501400,6884734.76,4896276.47,696316.73,7780516.19,4944597.93,1144795.75
2015,3501509,3650440.62,2358860.57,1052303.76,3650440.62,2358860.57,1052303.76
2016,3501509,4373569.02,2584966.34,1561762.4,4373569.02,2584966.34,1561762.4
2017,3501509,3841868.77,2504574.55,1072331.33,4039613.2,2504574.55,1270075.76
2018,3501509,3796155.67,2491116.67,1268464.77,3829638.44,2503200.67,1289863.54
2019,3501509,4352318.75,2802346.72,1314338.25,4395577.15,2845605.12,1314338.25
2015,3517703,26463295.56,20526320.79,4497533.4,26463295.56,20526320.79,4497533.4
2016,3517703,25535351.66,17770409.02,6667478.44,25535351.66,17770409.02,6667478.44
2017,3517703,24120358.09,16797770.8,6249692.45,24252210.64,16912674.92,6263701.16
2018,3517703,25885908.14,18411388.46,6380084.04,25885908.14,18411388.46,6380084.04
2019,3517703,25638793.28,18641095.08,6128878.27,25645709.06,18644925.63,6131540.3
2020,3517703,32928004.05,21589389.65,7307262.29,32928004.05,21589389.65,7307262.29
2021,3517703,29667960.27,21604402.14,6670210.77,29667960.27,21604402.14,6670210.77
2022,3517703,37973945.93,28523745.08,7720519.1,38043280.14,28583930.64,7729082.15
2023,3517703,42119885.23,32436655.65,7934434.46,42211597.28,32526900.16,7934434.46
2024,3517703,42930762.63,34036356.63,7092203.42,48852927.69,39728902.43,7111463.42
2025,3517703,43860170.37,33760862.14,8321215.51,43917429.01,33818120.78,8321215.51
2018,3526001,18619265.45,12427666.41,5067544.4,18953534.97,12657666.41,5171813.92
2019,3526001,21035686.63,14458423.88,5330068.95,21393430.77,14816168.02,5330068.95
2020,3526001,19872659.8,13614332.62,5454395.92,19872659.8,13614332.62,5454395.92
2021,3526001,21696359.08,15130171.97,5487754.99,22101849.26,15535662.15,5487754.99
2022,3526001,32140347.52,18093248.86,10800645.05,32750031.71,18294009.4,10986581.68
2023,3526001,35816973.05,19104475.15,13153553.34,35816973.05,19104475.15,13153553.34
2024,3526001,35044633.48,17826569.46,12951028.12,35500143.57,17826569.46,13406538.21
2025,3526001,39618509.96,19860904.2,15628546.49,40078601.67,19862941.44,16086600.96
2018,3516606,6188222.4,3369686.08,2002046.77,6610066.88,3786136.08,2007441.25
2019,3516606,6946399.66,4198577.24,1845630.91,7065272.56,4317450.14,1845630.91
2020,3516606,5573211.43,3204761.15,1794145.05,5576842.59,3208392.31,1794145.05
2021,3516606,6894943.08,4103079.43,1873831.05,7270140.78,4393639.09,1958469.09
2022,3516606,9395546.29,5287132.98,2508444.78,9643207.96,5531802.99,2508444.78
2023,3516606,9433180.31,5053910.67,2777833.98,9624443.93,5244543.59,2778402.68
2024,3516606,11148681.4,6004393.03,3346073.36,11151027.15,6005950.34,3346828.95
2025,3516606,13632931.02,7484105.51,4405799.5,13632931.02,7484105.51,4405799.5
2015,3506003,158747106.53,63796401.65,77153329.05,161553917.42,65086599.65,78163670.52
2016,3506003,172335635.82,68166706.56,81883769.62,174663701.71,69205702.25,83084137.19
2017,3506003,182612800.33,74733970.09,85203486.78,185411697.54,75582642.99,86970777.54
2018,3506003,195883753.54,91402274.67,90176526.72,199339741.58,92753944.54,92090732.41
2019,3506003,222102888.57,98569062.88,102587108.11,231384749.67,102728606.03,107263764.62
2020,3506003,216285937.83,95578454.28,113738388.73,218735595.62,96068248.25,114438794.52
2021,3506003,288206108.36,132588602.74,133399370.16,293476235.05,133346979.26,134594933.87
2022,3506003,316989180.21,144305533.03,137919754.34,321813405.2,147566673.83,139285854.35
2023,3506003,361043497.52,162520878.84,160518661.78,364405687.96,163681874.44,162410536.57
2024,3506003,418345058.11,185393244.55,197805691.22,425953735.25,188454988.37,202117922.11
2025,3506003,420933792.93,189990047.45,193439506.52,432510293.07,195294768.18,199695432.93
2015,3504008,72873970.62,34691252.29,17466437.12,77293663.23,37674727.21,18767112.66
2016,3504008,221098086.42,109684370.22,52013384.07,226235615.37,110877891.09,52159238.52
2017,3504008,86550918.5,41415680.09,18277374.51,87221005.23,41538790.88,18404520.2
2018,3504008,98190862.17,44185788.35,23191264.55,100340358.4,44832075.46,23436949.55
2019,3504008,107383638.48,43816697.83,26994053.41,109038011.29,44363434.66,27114108.69
2020,3504008,111318172.1,43485720.39,26965537.99,114232688.45,44665596.05,27219367.06
2021,3504008,121791824.32,47036138.61,27323110.64,130075902.04,53182039.88,28161508.0
2022,3504008,162883409.4,69856282.52,34711860.33,167663502.59,73233685.26,35519697.05
2023,3504008,172834181.55,73531769.51,38767051.54,174745803.8,74516459.61,39039767.27
2024,3504008,186008472.18,76663849.93,47034863.36,189839449.2,78604794.08,47147877.74
2025,3504008,211332607.92,87747380.24,54501878.77,222589144.6,96442093.55,56742434.9
2015,3555000,31698195.33,19272071.14,9593032.6,32677583.47,20079040.65,9762998.23
2016,3555000,32992416.77,19091956.33,10830792.22,33452963.19,19238015.87,11138523.1
2017,3555000,35975615.23,18428910.84,14493566.38,38045864.76,20420402.97,14572323.78
2018,3555000,40597128.25,21644857.61,15582094.46,40862999.22,21861660.33,15629549.81
2019,3555000,136598437.65,78061746.84,48188561.28,137761329.03,79131043.35,48270651.9
2020,3555000,40111520.4,22591282.61,16030097.17,40525627.29,22977303.28,16058183.39
2021,3555000,52760313.58,33532862.88,16021912.07,52984499.71,33644689.31,16100598.26
2022,3555000,63938127.75,36245696.68,25005145.41,65781085.33,38001241.67,25064993.69
2023,3555000,83201263.52,51481142.34,29210036.17,84191893.28,52432217.04,29241353.75
2024,3555000,84198441.43,43790519.85,37796477.25,84698307.52,44214701.36,37872161.83
2025,3555000,90333278.24,43911551.23,42749308.41,92652080.95,44686333.81,44289525.96
2015,3534708,73216262.32,59621561.65,11971518.45,73619686.68,59635299.17,12361205.29
2016,3534708,79038720.31,67044423.24,10354731.93,79043648.54,67045082.88,10359000.52
2017,3534708,78224526.4,66281271.47,10391137.88,78897085.08,66740890.01,10512662.94
2018,3534708,85458037.88,71748412.27,11900980.47,87645850.88,73164685.51,12510088.2
2019,3534708,93222336.38,74785880.3,16351122.18,94768778.91,75778146.22,16601183.23
2020,3534708,84086443.0,67006251.86,16419412.54,85158136.64,67789665.28,16707692.76
2021,3534708,87769331.86,63424717.57,22883256.76,91734203.82,65968878.11,23691937.11
2022,3534708,118259440.58,96101777.25,20283183.47,119166868.42,96706634.22,20581964.34
2023,3534708,134588767.01,102522578.73,29966547.07,135716717.62,102932944.1,30670459.61
2024,3534708,171232461.44,105620523.86,62848945.2,171368087.64,105733084.65,62871942.51
2025,3534708,163190535.26,96087926.73,64696845.24,163231749.12,96129140.59,64696845.24
2015,3527108,40119581.74,0.0,0.0,40991956.4,0.0,0.0
2016,3527108,42374601.91,0.0,0.0,43436898.27,0.0,0.0
2017,3527108,46269025.32,0.0,0.0,48572963.83,0.0,0.0
2018,3527108,49833314.65,18368814.78,24561340.25,51510122.15,19264319.74,24997221.74
2019,3527108,55819209.4,17249348.29,29338261.1,56890561.08,17678360.43,29977830.7
2020,3527108,44953642.78,13969744.59,25969468.9,45702053.06,14055560.33,26514364.38
2021,3527108,59587286.49,20252555.48,29505494.13,61853160.58,20527378.24,30820493.91
2022,3527108,77083278.65,28421342.4,36341897.32,82669973.94,30371070.58,39672748.62
2023,3527108,86785647.8,28871704.07,42509291.29,87929685.27,29062063.39,43135034.36
2024,3527108,93230806.3,31259009.98,45415303.91,93915376.8,31650723.25,45686433.19
2025,3527108,101789529.57,33529844.71,48113590.66,102510464.03,33611538.29,48688275.61
2015,3541406,132707639.81,69867385.55,52727528.1,134882671.65,71174764.9,53595180.59
2016,3541406,147993367.78,76771311.2,60700620.81,148500143.15,77271136.57,60707570.81
2017,3541406,161133707.47,79237211.74,70269940.25,161677040.67,79780544.94,70269940.25
2018,3541406,164953589.22,83273727.24,71196669.56,164954874.69,83273742.6,71197939.67
2019,3541406,169247119.08,89750838.26,72047624.86,169742511.4,90022649.28,72271206.16
2020,3541406,159142725.12,82603710.56,72914553.18,160699144.06,83949360.13,72929913.18
2021,3541406,158820743.92,82354031.04,71153321.36,164344157.94,84472354.28,74519164.58
2022,3541406,215888754.11,122410636.31,87382607.2,219449028.99,124896688.21,88456830.18
2023,3541406,246795941.79,134285385.4,92527107.13,249763090.37,137234153.98,92545487.13
2024,3541406,267466875.27,145281116.09,110693087.38,269584066.71,147374628.45,110716766.46
2025,3541406,299940651.82,151590781.29,131317136.04,300213024.97,151815871.82,131364418.66
2015,3502804,116384382.46,54332731.75,44788645.29,119860065.6,55769079.96,46633017.78
2016,3502804,128156538.19,64117752.59,46909913.87,130038501.46,64688274.87,48061775.12
2017,3502804,133569579.74,66683983.51,50395627.58,140994150.31,70644437.1,53475268.59
2018,3502804,140703068.34,67721570.57,53893448.01,142584722.36,68826611.15,54214087.72
2019,3502804,156917932.35,73826964.84,60585893.96,166782968.76,77866642.8,65858311.05
2020,3502804,159797752.62,76796448.14,57664409.71,166487744.81,78828496.54,58757501.21
2021,3502804,177209754.61,83356875.26,68802468.37,186335514.69,86627669.84,73361691.6
2022,3502804,218233613.5,97298710.4,84048157.11,225560616.2,99088582.51,87120999.16
2023,3502804,242844701.18,105097084.5,93054324.18,251720974.0,107567847.29,97339927.48
2024,3502804,275915928.66,119369620.32,107347305.89,281346216.25,121139593.0,109515299.47
2025,3502804,272611887.32,105162185.96,112270581.56,294733129.79,112548170.79,124756891.79
2015,3548906,126415178.96,49303182.49,71083353.0,132148991.69,52146032.31,73711089.13
2016,3548906,137994567.77,44789775.68,90185300.41,145980368.07,47947923.52,94521782.27
2017,3548906,149102970.68,51122099.48,94425395.37,154061063.54,52772725.61,97466861.03
2018,3548906,179300473.33,4036435.07,32170697.8,185370905.98,4451069.68,36466863.32
2019,3548906,189527333.62,18932410.4,15668563.35,199932421.35,22180889.6,20192903.82
2020,3548906,183462526.45,9364970.03,17517257.79,191289895.29,10625250.0,20191251.52
2021,3548906,190716715.6,17433270.9,16937621.48,214973480.55,25179778.92,24658282.0
2022,3548906,273287246.37,21683437.72,66126576.53,292324190.63,25745809.76,75784083.6
2023,3548906,313862591.64,31577483.12,34335877.35,333395138.83,36564502.22,41825371.01
2024,3548906,118555138.08,14908993.27,12629462.56,172364038.27,32162294.87,19784863.3
2025,3548906,364114703.13,35814902.09,36783262.52,382072685.42,37657479.38,46882909.54
2015,3503208,162816073.04,79099755.69,68645301.07,163402401.34,79561972.45,68756764.32
2016,3503208,180490277.51,89447553.62,73433069.91,182812863.93,91039945.32,74093088.5
2017,3503208,186462521.93,93331979.4,75016787.05,190599390.97,96895361.26,75568112.97
2018,3503208,198348227.03,93716632.75,80902703.12,203306274.56,96203930.89,83194668.88
2019,3503208,209456322.21,101024709.08,84515733.58,212393441.66,101923088.73,86515304.09
2020,3503208,180790618.6,69126009.65,83767739.73,185215118.21,70383610.43,86583317.38
2021,3503208,228025094.02,110296823.63,109838939.34,247110931.1,123903686.48,115248358.31
2022,3503208,271104090.57,141476651.3,120929792.93,281927057.66,144909070.7,128211622.5
2023,3503208,327045162.85,157159422.54,161583305.33,339794124.65,162382410.66,168645520.17
2024,3503208,370264441.12,182747760.48,171591888.9,386794299.96,193596130.51,176205549.57
2025,3503208,390515532.02,188444020.64,181164417.6,422349041.4,209612531.92,190557372.82
2015,3543907,123710914.29,68946096.64,44947195.08,124902983.3,69518550.81,45468304.95
2016,3543907,139407005.31,69737823.45,48896958.25,140223851.02,70009571.79,49017618.23
2017,3543907,151884660.39,92709613.9,38591140.03,153927569.77,93545187.49,39333832.05
2018,3543907,179788019.22,101203425.78,57426271.69,182459472.21,102744780.74,57790531.01
2019,3543907,184449966.84,86287143.0,76482008.39,186104755.66,87694361.61,76512136.3
2020,3543907,172483374.83,90705108.02,67617183.11,179202920.16,93332460.6,70563182.04
2021,3543907,189178388.43,102821051.72,66548172.15,198987424.74,106127520.04,71394707.98
2022,3543907,242318089.94,136163994.89,76594659.94,249277771.44,139092655.69,77711480.1
2023,3543907,284472956.35,182782787.88,70731057.41,287424483.91,184168311.33,70843807.54
2024,3543907,296474232.98,186620368.5,83275876.99,297833896.05,186670437.93,83282867.43
2025,3543907,337549773.33,203521055.87,97941238.5,341005574.48,205735386.32,99174972.18
2017,3507506,98932954.31,61918233.88,27795845.21,102485533.86,64720209.93,28367597.85
2018,3507506,99369435.14,73305231.15,16664038.89,101035805.53,74538448.49,16786876.65
2019,3507506,110578691.18,72449583.19,28367498.0,111832936.99,73314416.88,28412914.26
2020,3507506,108614901.3,72654492.83,27696362.55,111939315.61,74343066.07,27895289.1
2021,3507506,135105815.48,70643387.31,54551879.25,141575546.46,74471364.06,55223126.66
2022,3507506,168515612.78,82867827.3,67181818.11,174079872.9,84592349.36,68045766.29
2023,3507506,190992230.99,112600435.38,59852292.2,195521833.12,115879648.98,60667678.58
2024,3507506,205360606.62,108910806.29,72790917.41,208612416.17,110274550.09,73410674.04
2025,3507506,225449237.86,116991668.48,83119753.05,232450184.88,120961423.68,84637062.89
2015,3525300,0.0,0.0,0.0,0.0,0.0,0.0
2016,3525300,96096194.01,50891172.0,37029779.01,96096194.01,50891172.0,37029779.01
2017,3525300,94320721.46,51607311.29,35275834.98,94417861.1,51610111.29,35301528.98
2018,3525300,98765862.47,54638914.96,36111703.97,99721598.12,55324313.01,36213655.46
2019,3525300,107030096.14,58928406.42,38255337.74,107257222.54,59089427.54,38276868.75
2020,3525300,99574755.0,48243594.76,37669745.84,100127742.01,48317701.96,38082234.8
2021,3525300,102282284.67,52178966.42,39244112.52,105757791.27,54313339.92,40409883.85
2022,3525300,134725606.77,66133845.43,47170709.81,136076289.04,66532636.37,47374918.77
2023,3525300,169751481.96,81692602.26,63116970.23,177210456.83,82908283.7,68726097.36
2024,3525300,163320180.07,76316501.89,59080642.72,169348534.3,77269091.72,61790528.25
2025,3525300,175352033.14,84650696.86,62547345.57,190443500.84,94421524.43,62766815.86
