sk_municipio,sk_tempo,sk_rede,despesa_liquidada_educacao,desp_liq_fundamental,desp_liq_infantil,despesa_empenhada_educacao,desp_emp_fundamental,desp_emp_infantil,mat_creche,mat_pre_escola,mat_anos_iniciais,mat_anos_finais,mat_especial_classes_comuns,docentes_iniciais,docentes_finais,turmas_iniciais,turmas_finais,escolas_creche,escolas_pre_escola,escolas_iniciais,escolas_finais,ideb_iniciais,ideb_meta_iniciais,rendimento_iniciais,saeb_mat_iniciais,saeb_lp_iniciais,saeb_nota_iniciais,ideb_finais,ideb_meta_finais,rendimento_finais,saeb_mat_finais,saeb_lp_finais,saeb_nota_finais,inse_score,inse_classificacao,qtd_alunos_inse
3501400,2015,2,,,,,,,0,0,0,174,0,0,0,0,0,0,0,0,1,,,,,,,3.8,5.1,0.967174,216.72,219.13,3.930833,,,
3501400,2015,3,,,,,,,0,105,275,0,3,16,0,13,0,0,1,1,0,5.7,5.6,0.979317,222.88,197.83,5.814397,,,,,,,,,
3501509,2015,2,,,,,,,0,0,0,200,0,0,0,0,0,0,0,0,1,,,,,,,4.4,4.8,0.898316,247.02,244.53,4.859167,,,
3501509,2015,3,3650440.62,2358860.57,1052303.76,3650440.62,2358860.57,1052303.76,117,110,241,0,7,18,0,12,0,1,1,1,0,6.1,5.7,0.974858,229.15,214.16,6.230963,,,,,,,,,
3502804,2015,2,,,,,,,20,14,9,6438,0,0,0,0,0,1,1,2,24,,,,,,,4.8,5.3,0.967536,250.05,246.17,4.937,,,
3502804,2015,3,116384382.46,54332731.75,44788645.29,119860065.6,55769079.96,46633017.78,3418,3201,8034,0,249,354,6,333,5,37,36,28,0,6.4,6.3,0.961174,236.8,228.94,6.645682,,,,,,,,,
3503208,2015,2,,,,,,,26,18,5387,5376,0,0,0,0,0,1,1,13,18,7.1,6.7,0.998799,252.66,235.27,7.063445,4.9,6.0,0.948281,255.58,252.25,5.1305,,,
3503208,2015,3,162816073.04,79099755.69,68645301.07,163402401.34,79561972.45,68756764.32,5406,4224,4428,2731,386,265,165,196,109,39,39,14,11,5.9,6.2,0.96309,225.15,214.15,6.154445,4.5,5.4,0.918363,251.65,245.07,4.945333,,,
3504008,2015,2,,,,,,,10,1,0,4026,0,0,0,0,0,1,1,0,12,,,,,,,5.1,5.6,0.916108,267.75,265.79,5.559,,,
3504008,2015,3,72873970.62,34691252.29,17466437.12,77293663.23,37674727.21,18767112.66,2032,1965,4917,0,83,308,0,206,0,17,17,19,0,6.5,6.0,0.980165,240.36,222.19,6.590894,,4.6,,,,,,,
3506003,2015,2,,,,,,,36,24,9919,13269,0,0,0,0,0,1,1,30,38,6.3,6.3,0.98436,236.63,216.7,6.419892,4.6,5.4,0.937829,248.98,246.76,4.929,,,
3506003,2015,3,158747106.53,63796401.65,77153329.05,161553917.42,65086599.65,78163670.52,4462,5133,6938,1414,379,321,78,260,52,64,63,16,5,5.9,5.7,0.967924,223.64,215.0,6.141083,4.8,5.6,0.898127,260.43,258.25,5.311333,,,
3507506,2015,2,,,,,,,73,29,2,3725,0,0,0,0,0,2,1,1,14,,6.1,1.0,,,,4.6,5.0,0.932367,251.47,243.09,4.909333,,,
3507506,2015,3,,,,,,,2205,2155,6700,1527,192,287,69,279,59,20,23,20,4,6.4,6.1,0.974996,240.34,222.43,6.594876,4.7,4.8,0.913272,257.53,250.57,5.135,,,
3514403,2015,2,,,,,,,0,0,0,1439,0,0,0,0,0,0,0,0,4,,,,,,,4.7,5.6,0.935617,253.36,249.29,5.044167,,,
3514403,2015,3,,,,,,,1014,737,2048,83,49,154,19,96,9,9,9,9,2,6.7,6.3,0.979559,248.66,229.01,6.873291,,5.2,0.958777,,,,,,
3516606,2015,2,,,,,,,0,0,0,249,0,0,0,0,0,0,0,0,1,,6.0,,,,,4.6,5.1,0.983099,240.81,237.51,4.638667,,,
3516606,2015,3,,,,,,,123,138,320,0,18,17,0,17,0,1,1,1,0,6.7,6.6,0.974999,245.46,232.46,6.874949,,,,,,,,,
3516705,2015,2,,,,,,,0,0,0,1863,0,0,0,0,0,0,0,0,6,,6.4,,,,,5.0,5.1,0.969006,253.9,254.56,5.141,,,
3516705,2015,3,30247120.78,18361497.13,7741828.6,31599093.47,19456628.02,7758966.48,665,979,2330,0,34,197,0,109,0,18,10,9,0,6.0,6.0,0.954468,231.49,216.82,6.323983,,,,,,,,,
3517703,2015,2,,,,,,,0,0,0,0,0,0,0,0,0,0,0,0,0,,,,,,,,3.4,,,,,,,
3517703,2015,3,26463295.56,20526320.79,4497533.4,26463295.56,20526320.79,4497533.4,235,306,1376,1255,68,85,60,79,52,5,5,6,2,6.1,5.8,0.984744,235.93,206.39,6.219079,4.1,4.9,0.836745,255.4,241.86,4.954333,,,
3525300,2015,2,,,,,,,0,0,0,4454,0,0,0,0,0,0,0,0,13,,5.7,,,,,4.6,5.2,0.946989,248.96,243.55,4.875167,,,
3525300,2015,3,0.0,0.0,0.0,0.0,0.0,0.0,1317,2368,6733,650,334,311,57,274,36,28,26,17,1,6.3,6.1,0.948656,238.27,227.19,6.641917,5.1,5.1,0.913879,268.34,266.01,5.5725,,,
3526001,2015,2,,,,,,,0,0,0,804,0,0,0,0,0,0,0,0,2,,,,,,,5.6,5.6,0.950103,284.26,267.57,5.863833,,,
3526001,2015,3,,,,,,,554,423,1071,0,19,58,0,51,0,4,7,3,0,7.8,6.7,1.0,278.95,245.76,7.75589,,,,,,,,,
3527108,2015,2,,,,,,,0,0,2380,2973,0,0,0,0,0,0,0,8,10,6.1,6.1,0.971224,231.7,215.27,6.299808,4.2,5.2,0.882731,246.51,239.41,4.765333,,,
3527108,2015,3,40119581.74,0.0,0.0,40991956.4,0.0,0.0,779,1329,926,0,96,61,11,41,4,11,8,5,0,6.0,5.6,0.969842,228.34,209.88,6.137686,,,,,,,,,
3527702,2015,2,,,,,,,0,0,0,187,0,0,0,0,0,0,0,0,1,,,,,,,5.1,5.6,0.970655,265.48,251.56,5.284,,,
3527702,2015,3,,,,,,,132,128,340,0,6,22,0,17,0,1,1,1,0,7.0,5.4,0.934529,268.59,239.44,7.443271,,,,,,,,,
3529005,2015,2,,,,,,,17,3,2675,7510,0,0,0,0,0,1,1,12,28,7.2,6.7,0.989947,263.54,233.6,7.240715,5.0,5.5,0.971438,259.45,251.39,5.180667,,,
3529005,2015,3,139676257.3,49095482.05,56061590.35,143468268.36,51267569.0,57102520.48,4846,4685,7846,0,195,374,2,335,2,34,28,19,0,6.9,6.6,0.976908,256.47,230.27,7.045246,,,,,,,,,
3533700,2015,2,,,,,,,0,0,0,218,0,0,0,0,0,0,0,0,1,,5.7,,,,,4.9,5.5,0.988361,250.22,246.8,4.950333,,,
3533700,2015,3,,,,,,,151,119,303,0,3,16,0,12,0,1,1,1,0,7.4,5.8,0.972637,275.78,239.06,7.573575,,,,,,,,,
3534005,2015,2,,,,,,,0,0,0,233,0,0,0,0,0,0,0,0,1,,,,,,,5.3,5.7,0.982364,263.97,259.13,5.385,,,
3534005,2015,3,4747017.71,3191634.39,1483655.63,4747017.71,3191634.39,1483655.63,74,81,303,0,7,22,0,16,0,1,1,1,0,6.7,6.2,1.0,245.98,222.86,6.710328,,,,,,,,,
3534708,2015,2,,,,,,,0,0,592,3367,0,0,0,0,0,0,0,4,12,6.6,5.5,0.968339,251.16,220.96,6.774637,5.0,5.3,0.94463,262.07,256.09,5.302667,,,
3534708,2015,3,73216262.32,59621561.65,11971518.45,73619686.68,59635299.17,12361205.29,1255,2292,5129,1589,266,324,96,225,64,16,23,12,3,6.4,6.1,0.951741,245.66,224.55,6.734948,5.0,5.6,0.908798,270.05,262.48,5.542167,,,
3540002,2015,2,,,,,,,0,0,0,797,0,0,0,0,0,0,0,0,2,,,,,,,4.6,5.7,0.975042,246.42,235.11,4.692167,,,
3540002,2015,3,14433205.29,6759890.1,6102098.17,19154286.39,9879607.42,7703197.95,349,409,969,0,19,52,0,47,0,3,3,3,0,7.4,6.5,0.994481,266.08,240.13,7.407915,,,,,,,,,
3541406,2015,2,,,,,,,31,6,5,7915,0,0,0,0,0,1,1,1,25,,6.5,,,,,4.5,5.1,0.911826,251.86,243.87,4.928833,,,
3541406,2015,3,132707639.81,69867385.55,52727528.1,134882671.65,71174764.9,53595180.59,3653,3574,9330,0,208,352,3,350,3,32,32,31,0,6.4,5.9,0.96967,240.14,222.9,6.599604,,,,,,,,,
3541703,2015,2,,,,,,,0,0,0,508,0,0,0,0,0,0,0,0,1,,,,,,,4.7,4.6,0.91901,254.56,249.59,5.069167,,,
3541703,2015,3,,,,,,,284,315,704,0,21,48,0,31,0,2,5,3,0,5.7,6.1,0.993988,216.34,200.9,5.745406,,,,,,,,,
3543907,2015,2,,,,,,,0,0,258,6124,0,0,0,0,0,0,0,2,18,7.2,6.0,0.991736,268.55,230.42,7.278507,4.3,5.8,0.932519,243.21,236.49,4.661667,,,
3543907,2015,3,123710914.29,68946096.64,44947195.08,124902983.3,69518550.81,45468304.95,3688,3891,9986,140,315,514,31,415,13,37,24,25,1,6.6,6.4,0.96839,243.65,231.83,6.828953,,,,,,,,,
3548906,2015,2,,,,,,,37,27,6152,7662,0,0,0,0,0,1,1,16,23,7.2,6.6,0.996791,255.62,238.3,7.175024,5.1,5.5,0.964818,261.02,257.75,5.312833,,,
3548906,2015,3,126415178.96,49303182.49,71083353.0,132148991.69,52146032.31,73711089.13,4142,4314,4840,668,208,263,63,191,27,46,32,8,2,6.5,6.0,0.959255,243.28,228.35,6.758619,5.8,5.7,0.985491,277.28,277.8,5.918,,,
3555000,2015,2,,,,,,,0,0,1034,2614,0,0,0,0,0,0,0,6,6,6.6,6.4,0.984293,247.41,222.27,6.72689,4.8,5.1,0.933643,257.98,248.63,5.110167,,,
3555000,2015,3,31698195.33,19272071.14,9593032.6,32677583.47,20079040.65,9762998.23,807,955,1854,0,40,123,7,94,3,7,13,8,0,6.1,6.2,0.988712,230.91,208.44,6.16055,,,,,,,,,
3556602,2015,2,,,,,,,0,0,0,502,0,0,0,0,0,0,0,0,2,,,,,,,5.1,5.9,0.981412,260.13,253.8,5.232167,,,
3556602,2015,3,,,,,,,171,229,610,0,13,33,0,30,0,3,2,2,0,6.3,5.7,0.962092,239.82,221.45,6.567134,,,,,,,,,
3501400,2016,2,,,,,,,0,0,0,171,0,0,0,0,0,0,0,0,1,,,,,,,,,,,,,,,
3501400,2016,3,,,,,,,0,98,279,0,6,15,0,13,0,0,1,1,0,,,,,,,,,,,,,,,
3501509,2016,2,,,,,,,0,0,0,173,0,0,0,0,0,0,0,0,1,,,,,,,,,,,,,,,
3501509,2016,3,4373569.02,2584966.34,1561762.4,4373569.02,2584966.34,1561762.4,122,89,267,0,11,18,0,12,0,1,1,1,0,,,,,,,,,,,,,,,
3502804,2016,2,,,,,,,21,4,6,6142,0,0,0,0,0,1,1,2,24,,,,,,,,,,,,,,,
3502804,2016,3,128156538.19,64117752.59,46909913.87,130038501.46,64688274.87,48061775.12,3506,3390,8157,0,254,351,7,334,6,39,38,28,0,,,,,,,,,,,,,,,
3503208,2016,2,,,,,,,38,0,5349,5549,0,0,0,0,0,1,0,13,19,,,,,,,,,,,,,,,
3503208,2016,3,180490277.51,89447553.62,73433069.91,182812863.93,91039945.32,74093088.5,5382,4438,4514,2620,398,266,159,198,105,40,40,14,11,,,,,,,,,,,,,,,
3504008,2016,2,,,,,,,15,0,0,3872,0,0,0,0,0,1,0,0,12,,,,,,,,,,,,,,,
3504008,2016,3,221098086.42,109684370.22,52013384.07,226235615.37,110877891.09,52159238.52,2149,1948,5039,0,106,325,0,208,0,15,17,19,0,,,,,,,,,,,,,,,
3506003,2016,2,,,,,,,35,0,9690,12498,0,0,0,0,0,1,0,30,38,,,,,,,,,,,,,,,
3506003,2016,3,172335635.82,68166706.56,81883769.62,174663701.71,69205702.25,83084137.19,4506,5293,6973,1376,359,327,86,266,52,64,63,16,5,,,,,,,,,,,,,,,
3507506,2016,2,,,,,,,85,0,1,3784,0,0,0,0,0,2,0,1,14,,,,,,,,,,,,,,,
3507506,2016,3,,,,,,,2197,2193,6585,1620,186,287,73,272,61,22,24,21,4,,,,,,,,,,,,,,,
3514403,2016,2,,,,,,,0,0,0,1561,0,0,0,0,0,0,0,0,4,,,,,,,,,,,,,,,
3514403,2016,3,,,,,,,984,808,1986,74,73,145,14,98,7,9,9,9,2,,,,,,,,,,,,,,,
3516606,2016,2,,,,,,,0,0,0,243,0,0,0,0,0,0,0,0,1,,,,,,,,,,,,,,,
3516606,2016,3,,,,,,,118,151,362,0,11,21,0,17,0,1,1,1,0,,,,,,,,,,,,,,,
3516705,2016,2,,,,,,,0,0,0,1776,0,0,0,0,0,0,0,0,6,,,,,,,,,,,,,,,
3516705,2016,3,27284852.84,16005242.12,6509643.75,27518318.08,16113005.5,6548733.81,678,904,2330,0,41,194,0,107,0,18,10,9,0,,,,,,,,,,,,,,,
3517703,2016,2,,,,,,,0,0,0,0,0,0,0,0,0,0,0,0,0,,,,,,,,,,,,,,,
3517703,2016,3,25535351.66,17770409.02,6667478.44,25535351.66,17770409.02,6667478.44,217,306,1321,1156,77,76,56,65,50,5,5,6,2,,,,,,,,,,,,,,,
3525300,2016,2,,,,,,,0,0,0,4803,0,0,0,0,0,0,0,0,13,,,,,,,,,,,,,,,
3525300,2016,3,96096194.01,50891172.0,37029779.01,96096194.01,50891172.0,37029779.01,1349,2280,6528,636,325,332,59,281,35,29,26,19,1,,,,,,,,,,,,,,,
3526001,2016,2,,,,,,,0,0,0,821,0,0,0,0,0,0,0,0,2,,,,,,,,,,,,,,,
3526001,2016,3,,,,,,,553,425,1110,0,28,59,0,48,0,4,7,3,0,,,,,,,,,,,,,,,
3527108,2016,2,,,,,,,0,0,2523,2789,0,0,0,0,0,0,0,8,10,,,,,,,,,,,,,,,
3527108,2016,3,42374601.91,0.0,0.0,43436898.27,0.0,0.0,870,1454,801,0,88,50,20,32,7,11,8,5,0,,,,,,,,,,,,,,,
3527702,2016,2,,,,,,,0,0,0,198,0,0,0,0,0,0,0,0,1,,,,,,,,,,,,,,,
3527702,2016,3,4923137.26,3390137.79,1233003.98,4923137.26,3390137.79,1233003.98,141,122,343,0,5,19,0,16,0,1,1,1,0,,,,,,,,,,,,,,,
3529005,2016,2,,,,,,,15,0,2708,7244,0,0,0,0,0,1,0,12,28,,,,,,,,,,,,,,,
3529005,2016,3,160720488.8,59376720.79,69154109.38,164402844.16,61004580.39,71155124.67,4986,4760,7876,0,236,380,3,338,2,35,28,19,0,,,,,,,,,,,,,,,
3533700,2016,2,,,,,,,0,0,0,194,0,0,0,0,0,0,0,0,1,,,,,,,,,,,,,,,
3533700,2016,3,,,,,,,143,118,323,0,3,16,0,13,0,1,1,1,0,,,,,,,,,,,,,,,
3534005,2016,2,,,,,,,0,0,0,232,0,0,0,0,0,0,0,0,1,,,,,,,,,,,,,,,
3534005,2016,3,5385408.06,3503412.07,1796944.2,5385408.06,3503412.07,1796944.2,71,117,309,0,9,24,0,18,0,1,1,1,0,,,,,,,,,,,,,,,
3534708,2016,2,,,,,,,0,0,603,3076,0,0,0,0,0,0,0,4,13,,,,,,,,,,,,,,,
3534708,2016,3,79038720.31,67044423.24,10354731.93,79043648.54,67045082.88,10359000.52,1359,2232,5308,1518,235,346,112,234,64,17,23,12,3,,,,,,,,,,,,,,,
3540002,2016,2,,,,,,,0,0,0,729,0,0,0,0,0,0,0,0,2,,,,,,,,,,,,,,,
3540002,2016,3,18830836.22,11331715.48,6757559.26,18880337.29,11381216.55,6757559.26,329,420,990,0,24,59,0,50,0,3,3,3,0,,,,,,,,,,,,,,,
3541406,2016,2,,,,,,,26,4,2,7683,0,0,0,0,0,1,1,1,25,,,,,,,,,,,,,,,
3541406,2016,3,147993367.78,76771311.2,60700620.81,148500143.15,77271136.57,60707570.81,3754,3664,9246,0,247,346,4,346,4,31,32,31,0,,,,,,,,,,,,,,,
3541703,2016,2,,,,,,,0,0,0,439,0,0,0,0,0,0,0,0,1,,,,,,,,,,,,,,,
3541703,2016,3,,,,,,,286,292,777,0,26,55,0,35,0,2,4,3,0,,,,,,,,,,,,,,,
3543907,2016,2,,,,,,,0,0,241,7708,0,0,0,0,0,0,0,2,18,,,,,,,,,,,,,,,
3543907,2016,3,139407005.31,69737823.45,48896958.25,140223851.02,70009571.79,49017618.23,3727,4018,9574,165,324,495,26,415,13,38,25,25,1,,,,,,,,,,,,,,,
3548906,2016,2,,,,,,,38,24,6416,7427,0,0,0,0,0,1,1,17,24,,,,,,,,,,,,,,,
3548906,2016,3,137994567.77,44789775.68,90185300.41,145980368.07,47947923.52,94521782.27,4389,4192,5061,677,286,291,53,190,25,47,32,8,2,,,,,,,,,,,,,,,
3555000,2016,2,,,,,,,0,0,1069,2407,0,0,0,0,0,0,0,6,6,,,,,,,,,,,,,,,
3555000,2016,3,32992416.77,19091956.33,10830792.22,33452963.19,19238015.87,11138523.1,779,1027,1844,0,52,127,6,93,3,7,13,10,0,,,,,,,,,,,,,,,
3556602,2016,2,,,,,,,0,0,0,489,0,0,0,0,0,0,0,0,2,,,,,,,,,,,,,,,
3556602,2016,3,,,,,,,186,184,620,0,19,37,0,32,0,3,2,2,0,,,,,,,,,,,,,,,
3501400,2017,2,,,,,,,0,0,0,173,0,0,0,0,0,0,0,0,1,,,,,,,4.4,5.3,0.962233,228.07,246.08,4.569167,,,
3501400,2017,3,,,,,,,0,98,275,0,4,17,0,14,0,0,1,1,0,6.0,5.8,0.989414,223.77,211.44,6.078836,,,,,,,,,
3501509,2017,2,,,,,,,0,0,0,189,0,0,0,0,0,0,0,0,1,,,,,,,4.6,5.0,0.916739,247.9,253.31,5.020167,,,
3501509,2017,3,3841868.77,2504574.55,1072331.33,4039613.2,2504574.55,1270075.76,113,93,249,0,12,18,0,13,0,1,1,1,0,7.0,6.0,0.992162,255.2,233.46,7.079009,,,,,,,,,
3502804,2017,2,,,,,,,26,1,4,6153,0,0,0,0,0,1,1,2,24,,,0.5,,,,4.9,5.5,0.960924,251.12,253.89,5.0835,,,
3502804,2017,3,133569579.74,66683983.51,50395627.58,140994150.31,70644437.1,53475268.59,3516,3515,8307,0,275,363,6,345,6,38,40,29,0,6.7,6.5,0.95811,244.63,237.52,6.95111,,,,,,,,,
3503208,2017,2,,,,,,,32,0,5285,5821,0,0,0,0,0,1,0,13,20,6.9,6.9,0.999399,248.05,232.42,6.92365,5.0,6.2,0.942551,255.58,261.03,5.276833,,,
3503208,2017,3,186462521.93,93331979.4,75016787.05,190599390.97,96895361.26,75568112.97,5716,4454,4688,2618,406,257,156,204,102,41,41,14,11,6.1,6.5,0.986521,222.29,217.11,6.153683,4.9,5.6,0.947385,254.42,257.89,5.205167,,,
3504008,2017,2,,,,,,,10,0,0,3855,0,0,0,0,0,1,0,0,12,,,,,,,4.9,5.8,0.911195,261.91,262.83,5.412333,,,
3504008,2017,3,86550918.5,41415680.09,18277374.51,87221005.23,41538790.88,18404520.2,2124,1960,5074,0,159,302,0,213,0,15,17,19,0,6.7,6.2,0.981997,245.94,229.24,6.825564,,4.9,,,,,,,
3506003,2017,2,,,,,,,40,0,9725,12045,0,0,0,0,0,1,0,30,38,6.4,6.6,0.978637,236.83,223.66,6.550255,4.4,5.7,0.91438,241.93,245.39,4.788667,,,
3506003,2017,3,182612800.33,74733970.09,85203486.78,185411697.54,75582642.99,86970777.54,4714,5501,6931,1354,356,327,80,267,51,66,65,16,5,6.1,6.0,0.973903,226.59,219.98,6.287926,4.9,5.9,0.908401,258.29,262.45,5.345667,,,
3507506,2017,2,,,,,,,86,0,4,3836,0,0,0,0,0,2,0,1,14,,6.3,1.0,,,,4.6,5.3,0.909903,253.04,249.36,5.04,,,
3507506,2017,3,98932954.31,61918233.88,27795845.21,102485533.86,64720209.93,28367597.85,2394,2219,6534,1744,177,276,77,268,67,23,24,21,4,6.6,6.3,0.990902,238.54,225.93,6.624161,5.3,5.1,0.952261,271.31,264.82,5.602167,,,
3514403,2017,2,,,,,,,0,0,0,1555,0,0,0,0,0,0,0,0,4,,,,,,,5.2,5.8,0.928666,268.78,267.44,5.603667,,,
3514403,2017,3,,,,,,,905,771,2104,75,72,169,20,105,8,9,9,9,2,7.0,6.5,0.989582,252.1,235.27,7.052758,,5.4,0.984567,,,,,,
3516606,2017,2,,,,,,,0,0,0,216,0,0,0,0,0,0,0,0,1,,6.3,,,,,4.6,5.3,0.934781,242.11,255.99,4.968333,,,
3516606,2017,3,,,,,,,122,157,364,0,10,21,0,18,0,1,1,1,0,6.2,6.9,0.994898,232.88,211.58,6.255237,,,,,,,,,
3516705,2017,2,,,,,,,0,0,0,1626,0,0,0,0,0,0,0,0,6,,6.6,,,,,4.9,5.4,0.982415,248.36,253.19,5.025833,,,
3516705,2017,3,29224684.95,17431282.94,6851623.48,29726455.49,17545290.55,7118928.94,715,900,2301,0,40,164,0,102,0,18,10,9,0,6.1,6.3,0.942781,232.36,222.2,6.438404,,,,,,,,,
3517703,2017,2,,,,,,,0,0,0,0,0,0,0,0,0,0,0,0,0,,,,,,,,3.7,,,,,,,
3517703,2017,3,24120358.09,16797770.8,6249692.45,24252210.64,16912674.92,6263701.16,263,304,1239,1104,92,80,52,67,46,6,5,6,2,6.5,6.0,0.989074,239.19,220.91,6.545293,4.3,5.2,0.917986,244.43,237.16,4.693167,,,
3525300,2017,2,,,,,,,0,0,0,4211,0,0,0,0,0,0,0,0,13,,6.0,,,,,4.8,5.4,0.928386,251.34,256.06,5.123333,,,
3525300,2017,3,94320721.46,51607311.29,35275834.98,94417861.1,51610111.29,35301528.98,1293,2260,6551,614,353,312,54,275,34,30,26,19,1,6.4,6.4,0.941081,240.87,233.58,6.807718,5.3,5.4,0.921326,270.24,273.32,5.726,,,
3526001,2017,2,,,,,,,0,0,0,847,0,0,0,0,0,0,0,0,2,,,,,,,5.9,5.8,0.956888,288.82,279.0,6.130333,,,
3526001,2017,3,,,,,,,531,485,1133,0,23,64,0,50,0,4,7,3,0,7.7,6.9,0.998195,276.58,244.92,7.695388,,,,,,,,,
3527108,2017,2,,,,,,,0,0,2622,2627,0,0,0,0,0,0,0,9,10,6.5,6.4,0.977131,240.94,225.68,6.665417,4.5,5.4,0.899529,249.3,253.67,5.0495,,,
3527108,2017,3,46269025.32,0.0,0.0,48572963.83,0.0,0.0,959,1499,829,0,87,58,16,35,5,12,9,5,0,6.2,5.8,0.965197,233.15,220.37,6.420207,,,,,,,,,
3527702,2017,2,,,,,,,0,0,0,214,0,0,0,0,0,0,0,0,1,,,,,,,5.0,5.9,0.928556,263.83,259.9,5.3955,,,
3527702,2017,3,5172229.0,3233500.62,1489149.09,5173735.85,3234659.05,1489149.09,170,125,341,0,4,19,0,17,0,1,1,1,0,7.7,5.6,0.993221,282.01,243.37,7.770832,,,,,,,,,
3529005,2017,2,,,,,,,18,0,2847,6999,0,0,0,0,0,1,0,12,28,7.4,6.9,0.991128,264.29,243.79,7.4403,5.0,5.8,0.974315,254.89,251.29,5.103,,,
3529005,2017,3,154255863.86,56855197.74,66319419.7,156124898.75,57158428.08,67328464.28,4863,4818,7960,0,252,387,3,344,2,36,28,19,0,7.2,6.8,0.992122,257.83,238.86,7.227382,,,,,,,,,
3533700,2017,2,,,,,,,0,0,0,201,0,0,0,0,0,0,0,0,1,,5.9,,,,,5.2,5.8,0.992589,259.88,257.28,5.286,,,
3533700,2017,3,,,,,,,125,120,324,0,1,17,0,14,0,1,1,1,0,7.2,6.1,0.984945,262.21,236.55,7.268969,,,,,,,,,
3534005,2017,2,,,,,,,0,0,0,247,0,0,0,0,0,0,0,0,1,,,,,,,4.6,5.9,0.966914,241.03,245.68,4.7785,,,
3534005,2017,3,4810846.63,3436963.2,1301876.07,4810846.63,3436963.2,1301876.07,82,132,326,0,9,24,0,18,0,1,1,1,0,6.5,6.5,0.993945,238.44,222.22,6.554798,,,,,,,,,
3534708,2017,2,,,,,,,0,0,595,2860,0,0,0,0,0,0,0,4,13,6.6,5.8,0.976962,245.99,225.68,6.761791,5.2,5.5,0.951521,264.4,264.95,5.489167,,,
3534708,2017,3,78224526.4,66281271.47,10391137.88,78897085.08,66740890.01,10512662.94,1314,2254,5279,1526,248,359,96,236,63,17,24,12,3,6.8,6.3,0.963592,253.37,233.91,7.052267,5.4,5.8,0.926724,277.54,272.08,5.827,,,
3540002,2017,2,,,,,,,0,0,0,679,0,0,0,0,0,0,0,0,2,,,,,,,4.8,5.9,0.951676,251.38,249.2,5.009667,,,
3540002,2017,3,17648063.06,9250498.36,6978378.13,17648063.06,9250498.36,6978378.13,353,415,988,0,27,63,0,52,0,3,3,3,0,7.4,6.7,1.0,260.63,242.95,7.35518,,,,,,,,,
3541406,2017,2,,,,,,,18,2,1,7648,0,0,0,0,0,1,1,1,26,,6.7,,,,,4.8,5.4,0.901123,258.78,258.22,5.283333,,,
3541406,2017,3,161133707.47,79237211.74,70269940.25,161677040.67,79780544.94,70269940.25,4223,3848,9266,0,285,332,4,344,4,36,33,30,0,6.5,6.1,0.967599,242.38,229.01,6.753443,,,,,,,,,
3541703,2017,2,,,,,,,0,0,0,448,0,0,0,0,0,0,0,0,1,,,,,,,4.0,4.8,0.90873,234.22,233.09,4.455167,,,
3541703,2017,3,,,,,,,320,319,786,0,25,48,0,35,0,2,4,3,0,6.7,6.3,1.0,238.26,228.5,6.665545,,,,,,,,,
3543907,2017,2,,,,,,,0,0,231,7704,0,0,0,0,0,0,0,2,18,7.5,6.2,0.974427,269.98,250.1,7.663616,5.3,6.1,0.939628,268.23,271.55,5.663,,,
3543907,2017,3,151884660.39,92709613.9,38591140.03,153927569.77,93545187.49,39333832.05,3932,4110,9397,149,368,508,26,421,12,38,25,25,1,6.8,6.6,0.972229,246.12,235.73,6.946999,,,0.959753,,,,,,
3548906,2017,2,,,,,,,42,19,6486,7648,0,0,0,0,0,1,1,18,25,7.2,6.8,0.997389,256.53,242.5,7.268754,5.4,5.7,0.979197,264.51,266.46,5.516167,,,
3548906,2017,3,149102970.68,51122099.48,94425395.37,154061063.54,52772725.61,97466861.03,4564,4189,5046,718,301,322,51,200,26,47,32,9,2,7.0,6.2,0.965784,256.02,240.85,7.229022,5.7,5.9,0.962539,279.84,277.14,5.949667,,,
3555000,2017,2,,,,,,,0,0,1026,2265,0,0,0,0,0,0,0,6,6,6.7,6.6,0.970322,248.35,228.67,6.861193,4.9,5.4,0.962782,250.69,252.12,5.046833,,,
3555000,2017,3,35975615.23,18428910.84,14493566.38,38045864.76,20420402.97,14572323.78,1011,1078,1860,0,69,123,4,103,2,7,8,10,0,6.8,6.4,0.985883,248.86,228.64,6.87038,,,,,,,,,
3556602,2017,2,,,,,,,0,0,0,484,0,0,0,0,0,0,0,0,2,,,,,,,5.2,6.1,0.998241,256.11,254.47,5.176333,,,
3556602,2017,3,7435572.46,4742537.75,2251319.69,7436394.46,4742537.75,2252141.69,196,228,598,0,15,35,0,31,0,3,2,2,0,6.2,6.0,0.982202,235.17,212.38,6.313484,,,,,,,,,
3501400,2018,2,,,,,,,0,0,0,177,0,0,0,0,0,0,0,0,1,,,,,,,,,,,,,,,
3501400,2018,3,,,,,,,0,88,267,0,6,20,0,15,0,0,1,1,0,,,,,,,,,,,,,,,
3501509,2018,2,,,,,,,0,0,0,196,0,0,0,0,0,0,0,0,1,,,,,,,,,,,,,,,
3501509,2018,3,3796155.67,2491116.67,1268464.77,3829638.44,2503200.67,1289863.54,121,83,237,0,18,19,0,12,0,1,1,1,0,,,,,,,,,,,,,,,
3502804,2018,2,,,,,,,19,7,2,6130,0,0,0,0,0,1,1,2,24,,,,,,,,,,,,,,,
3502804,2018,3,140703068.34,67721570.57,53893448.01,142584722.36,68826611.15,54214087.72,4706,4821,8464,0,318,412,9,354,6,36,39,30,0,,,,,,,,,,,,,,,
3503208,2018,2,,,,,,,31,0,5396,5931,0,0,0,0,0,1,0,14,21,,,,,,,,,,,,,,,
3503208,2018,3,198348227.03,93716632.75,80902703.12,203306274.56,96203930.89,83194668.88,5852,4509,4825,2536,414,283,162,215,105,41,41,14,11,,,,,,,,,,,,,,,
3504008,2018,2,,,,,,,9,4,61,3842,0,0,0,0,0,1,1,3,12,,,,,,,,,,,,,,,
3504008,2018,3,98190862.17,44185788.35,23191264.55,100340358.4,44832075.46,23436949.55,2040,2067,5064,0,172,326,0,211,0,15,19,19,0,,,,,,,,,,,,,,,
3506003,2018,2,,,,,,,40,0,9799,12646,0,0,0,0,0,1,0,30,37,,,,,,,,,,,,,,,
3506003,2018,3,195883753.54,91402274.67,90176526.72,199339741.58,92753944.54,92090732.41,4484,5623,7030,1425,395,314,79,271,56,64,64,16,5,,,,,,,,,,,,,,,
3507506,2018,2,,,,,,,65,0,4,3835,0,0,0,0,0,2,0,1,14,,,,,,,,,,,,,,,
3507506,2018,3,99369435.14,73305231.15,16664038.89,101035805.53,74538448.49,16786876.65,2357,2156,6542,1941,185,279,83,272,76,23,24,21,4,,,,,,,,,,,,,,,
3514403,2018,2,,,,,,,0,0,0,1560,0,0,0,0,0,0,0,0,4,,,,,,,,,,,,,,,
3514403,2018,3,,,,,,,1036,793,2110,77,71,177,19,104,8,9,9,9,2,,,,,,,,,,,,,,,
3516606,2018,2,,,,,,,0,0,0,241,0,0,0,0,0,0,0,0,1,,,,,,,,,,,,,,,
3516606,2018,3,6188222.4,3369686.08,2002046.77,6610066.88,3786136.08,2007441.25,110,148,363,0,7,22,0,19,0,1,1,1,0,,,,,,,,,,,,,,,
3516705,2018,2,,,,,,,0,0,0,1583,0,0,0,0,0,0,0,0,6,,,,,,,,,,,,,,,
3516705,2018,3,33156701.07,20330130.35,8175438.63,34262239.19,21401927.16,8190244.91,666,932,2246,0,49,167,0,101,0,18,11,9,0,,,,,,,,,,,,,,,
3517703,2018,2,,,,,,,0,0,0,0,0,0,0,0,0,0,0,0,0,,,,,,,,,,,,,,,
3517703,2018,3,25885908.14,18411388.46,6380084.04,25885908.14,18411388.46,6380084.04,262,285,1173,1052,91,77,54,64,42,6,5,6,1,,,,,,,,,,,,,,,
3525300,2018,2,,,,,,,0,0,33,4342,0,0,0,0,0,0,0,3,13,,,,,,,,,,,,,,,
3525300,2018,3,98765862.47,54638914.96,36111703.97,99721598.12,55324313.01,36213655.46,1284,2290,6277,639,343,340,53,277,34,28,26,19,1,,,,,,,,,,,,,,,
3526001,2018,2,,,,,,,0,0,0,855,0,0,0,0,0,0,0,0,2,,,,,,,,,,,,,,,
3526001,2018,3,18619265.45,12427666.41,5067544.4,18953534.97,12657666.41,5171813.92,534,438,1187,0,20,71,0,53,0,4,7,3,0,,,,,,,,,,,,,,,
3527108,2018,2,,,,,,,0,0,2876,2460,0,0,0,0,0,0,0,14,10,,,,,,,,,,,,,,,
3527108,2018,3,49833314.65,18368814.78,24561340.25,51510122.15,19264319.74,24997221.74,947,1510,839,0,93,66,6,35,2,13,8,4,0,,,,,,,,,,,,,,,
3527702,2018,2,,,,,,,0,0,0,228,0,0,0,0,0,0,0,0,1,,,,,,,,,,,,,,,
3527702,2018,3,5378524.38,3426639.61,1636105.45,5686586.78,3734702.01,1636105.45,148,135,349,0,3,19,0,17,0,1,1,1,0,,,,,,,,,,,,,,,
3529005,2018,2,,,,,,,17,0,2846,7563,0,0,0,0,0,1,0,11,28,,,,,,,,,,,,,,,
3529005,2018,3,160852514.1,60804427.47,67375312.95,162546702.82,61297253.45,68431765.41,4691,4868,7995,0,236,404,2,334,2,37,28,20,0,,,,,,,,,,,,,,,
3533700,2018,2,,,,,,,0,0,0,199,0,0,0,0,0,0,0,0,1,,,,,,,,,,,,,,,
3533700,2018,3,5212459.56,2947308.6,1966280.22,5284669.34,2947426.92,2038073.18,126,123,321,0,2,18,0,14,0,1,1,1,0,,,,,,,,,,,,,,,
3534005,2018,2,,,,,,,0,0,0,267,0,0,0,0,0,0,0,0,1,,,,,,,,,,,,,,,
3534005,2018,3,4597740.57,3622609.51,862935.04,4597740.57,3622609.51,862935.04,89,141,324,0,9,19,0,20,0,1,1,1,0,,,,,,,,,,,,,,,
3534708,2018,2,,,,,,,0,0,610,2780,0,0,0,0,0,0,0,6,13,,,,,,,,,,,,,,,
3534708,2018,3,85458037.88,71748412.27,11900980.47,87645850.88,73164685.51,12510088.2,1335,2240,5222,1516,234,366,94,239,62,17,23,12,3,,,,,,,,,,,,,,,
3540002,2018,2,,,,,,,0,0,0,666,0,0,0,0,0,0,0,0,2,,,,,,,,,,,,,,,
3540002,2018,3,18492701.63,10042005.86,6828872.43,18503740.41,10052831.74,6829085.33,360,440,980,0,27,63,0,53,0,3,3,3,0,,,,,,,,,,,,,,,
3541406,2018,2,,,,,,,31,0,95,7269,0,0,0,0,0,1,0,4,26,,,,,,,,,,,,,,,
3541406,2018,3,164953589.22,83273727.24,71196669.56,164954874.69,83273742.6,71197939.67,4363,3812,9472,0,315,395,4,360,4,36,34,31,0,,,,,,,,,,,,,,,
3541703,2018,2,,,,,,,0,0,0,438,0,0,0,0,0,0,0,0,1,,,,,,,,,,,,,,,
3541703,2018,3,,,,,,,306,318,758,0,20,54,0,36,0,2,3,3,0,,,,,,,,,,,,,,,
3543907,2018,2,,,,,,,26,0,250,7614,0,0,0,0,0,1,0,4,18,,,,,,,,,,,,,,,
3543907,2018,3,179788019.22,101203425.78,57426271.69,182459472.21,102744780.74,57790531.01,4189,4014,9527,160,410,568,23,439,9,39,26,25,2,,,,,,,,,,,,,,,
3548906,2018,2,,,,,,,43,24,6163,7918,0,0,0,0,0,1,1,18,25,,,,,,,,,,,,,,,
3548906,2018,3,179300473.33,4036435.07,32170697.8,185370905.98,4451069.68,36466863.32,4782,4382,5062,756,306,308,60,199,28,47,33,9,2,,,,,,,,,,,,,,,
3555000,2018,2,,,,,,,0,0,995,2200,0,0,0,0,0,0,0,6,6,,,,,,,,,,,,,,,
3555000,2018,3,40597128.25,21644857.61,15582094.46,40862999.22,21861660.33,15629549.81,1018,1110,1944,0,67,144,4,105,2,7,8,10,0,,,,,,,,,,,,,,,
3556602,2018,2,,,,,,,0,0,0,460,0,0,0,0,0,0,0,0,2,,,,,,,,,,,,,,,
3556602,2018,3,8187365.65,5127062.89,2624997.73,8422328.67,5355225.69,2631797.95,185,239,560,0,18,27,0,26,0,3,2,2,0,,,,,,,,,,,,,,,
3501400,2019,2,,,,,,,0,0,0,197,0,0,0,0,0,0,0,0,1,,,,,,,4.9,5.6,0.96738,246.76,254.39,5.019167,5.1135,Nível IV,56.0
3501400,2019,3,3650631.64,3125606.54,329765.0,3651141.64,3126011.54,329765.0,0,89,251,0,4,19,0,15,0,0,1,1,0,6.3,6.1,1.0,240.06,206.65,6.302623,,,,,,,4.971,Nível IV,48.0
3501509,2019,2,,,,,,,0,0,0,180,0,0,0,0,0,0,0,0,1,,,,,,,5.2,5.3,0.992589,260.12,251.49,5.1935,5.0915,Nível IV,55.0
3501509,2019,3,4352318.75,2802346.72,1314338.25,4395577.15,2845605.12,1314338.25,111,73,248,0,21,17,0,12,0,1,1,1,0,6.6,6.3,0.995935,237.65,227.98,6.644449,,,,,,,5.0021,Nível IV,41.0
3502804,2019,2,,,,,,,18,2,2,6427,0,0,0,0,0,1,1,1,24,,,,,,,5.4,5.8,0.972077,266.71,264.79,5.525,5.3448,Nível IV,2585.0
3502804,2019,3,156917932.35,73826964.84,60585893.96,166782968.76,77866642.8,65858311.05,4504,5038,8721,0,356,444,11,362,6,39,39,30,0,6.9,6.8,0.969561,253.88,239.03,7.155091,,,,,,,5.3052,Nível IV,1519.0
3503208,2019,2,,,,,,,32,0,5474,5980,0,0,0,0,0,1,0,13,21,7.1,7.1,1.0,255.04,237.05,7.141228,5.4,6.4,0.975687,264.79,265.36,5.5025,5.4,Nível IV,3740.0
3503208,2019,3,209456322.21,101024709.08,84515733.58,212393441.66,101923088.73,86515304.09,5696,4665,5044,2319,439,295,149,228,98,43,42,14,11,6.3,6.7,0.982947,232.23,219.22,6.381741,5.2,5.9,0.958992,259.23,264.21,5.390667,5.3309,Nível IV,1413.0
3504008,2019,2,,,,,,,10,0,0,3851,0,0,0,0,0,1,0,0,12,,,,,,,5.3,6.1,0.947085,269.09,266.97,5.601,5.4934,Nível V,1501.0
3504008,2019,3,107383638.48,43816697.83,26994053.41,109038011.29,44363434.66,27114108.69,1904,1951,5069,0,194,328,0,215,0,14,19,20,0,6.5,6.5,0.980975,239.64,222.64,6.585335,,5.1,,,,,5.4248,Nível IV,965.0
3506003,2019,2,,,,,,,48,0,9695,12552,0,0,0,0,0,1,0,29,38,6.6,6.8,0.987003,243.81,222.8,6.667824,4.9,5.9,0.938355,256.39,255.5,5.198167,5.4236,Nível IV,6912.0
3506003,2019,3,222102888.57,98569062.88,102587108.11,231384749.67,102728606.03,107263764.62,4405,5703,7046,1443,406,333,80,272,55,65,65,16,5,6.1,6.2,0.972921,228.16,217.42,6.271342,5.0,6.1,0.892112,266.69,268.57,5.587667,5.4263,Nível IV,1492.0
3507506,2019,2,,,,,,,73,0,1,3631,0,0,0,0,0,2,0,1,14,,6.6,,,,,4.8,5.5,0.930146,256.61,253.92,5.1755,5.388,Nível IV,1615.0
3507506,2019,3,110578691.18,72449583.19,28367498.0,111832936.99,73314416.88,28412914.26,2285,2178,6609,2135,199,272,83,263,78,23,25,21,4,6.6,6.5,0.98895,241.72,223.18,6.634848,5.2,5.3,0.910583,274.31,268.99,5.721667,5.3926,Nível IV,1443.0
3514403,2019,2,,,,,,,0,0,0,1488,0,0,0,0,0,0,0,0,4,,,,,,,5.4,6.1,0.950133,275.29,263.66,5.649167,5.486,Nível V,662.0
3514403,2019,3,,,,,,,1065,833,2093,77,77,165,20,101,9,9,9,9,2,6.6,6.7,0.988054,246.07,223.47,6.723136,,5.7,,,,,5.4205,Nível IV,365.0
3516606,2019,2,,,,,,,0,0,0,240,0,0,0,0,0,0,0,0,1,,6.5,,,,,5.4,5.6,0.95886,272.39,263.98,5.606167,5.1145,Nível IV,80.0
3516606,2019,3,6946399.66,4198577.24,1845630.91,7065272.56,4317450.14,1845630.91,123,128,359,0,9,18,0,18,0,1,1,1,0,6.4,7.1,0.991094,240.16,212.97,6.419441,,,,,,,5.058,Nível IV,61.0
3516705,2019,2,,,,,,,0,0,0,1649,0,0,0,0,0,0,0,0,6,,6.9,,,,,5.2,5.6,0.989986,259.17,256.62,5.263167,5.1595,Nível IV,766.0
3516705,2019,3,34783959.19,21912166.63,8030483.33,36883474.56,23840392.03,8196893.37,682,932,2194,0,45,161,0,100,0,18,10,9,0,6.2,6.5,0.983229,231.32,217.43,6.331829,,,,,,,5.3065,Nível IV,413.0
3517703,2019,2,,,,,,,0,0,0,0,0,0,0,0,0,0,0,0,0,,,,,,,,4.0,,,,,5.0747,Nível IV,131.0
3517703,2019,3,25638793.28,18641095.08,6128878.27,25645709.06,18644925.63,6131540.3,308,286,1109,1057,60,79,54,55,42,5,4,6,1,6.5,6.3,0.995966,239.64,220.08,6.53879,4.2,5.4,0.890696,249.78,234.35,4.7355,5.1694,Nível IV,446.0
3525300,2019,2,,,,,,,0,0,0,4232,0,0,0,0,0,0,0,0,13,,6.2,,,,,5.3,5.6,0.971283,264.25,264.21,5.474333,5.3962,Nível IV,2210.0
3525300,2019,3,107030096.14,58928406.42,38255337.74,107257222.54,59089427.54,38276868.75,1260,2333,6117,636,328,312,54,274,36,28,26,19,2,6.6,6.6,0.951396,249.25,231.32,6.92655,5.5,5.6,0.961133,273.4,267.7,5.685,5.4049,Nível IV,1193.0
3526001,2019,2,,,,,,,0,0,0,867,0,0,0,0,0,0,0,0,2,,,,,,,5.9,6.0,0.973692,288.87,275.25,6.068667,5.5142,Nível V,291.0
3526001,2019,3,21035686.63,14458423.88,5330068.95,21393430.77,14816168.02,5330068.95,552,447,1160,0,14,72,0,52,0,5,8,3,0,7.9,7.1,1.0,280.41,252.16,7.900116,,,,,,,5.3225,Nível IV,214.0
3527108,2019,2,,,,,,,0,0,2812,2686,0,0,0,0,0,0,0,8,10,6.8,6.6,0.990055,248.92,229.76,6.891889,4.5,5.6,0.927331,246.92,247.35,4.9045,5.3872,Nível IV,1571.0
3527108,2019,3,55819209.4,17249348.29,29338261.1,56890561.08,17678360.43,29977830.7,888,1478,913,0,72,48,6,37,2,12,9,4,0,6.8,6.1,0.968361,253.68,233.17,7.044729,,,,,,,5.3856,Nível IV,146.0
3527702,2019,2,,,,,,,0,0,0,250,0,0,0,0,0,0,0,0,1,,,,,,,5.4,6.1,0.994924,273.06,255.12,5.469667,4.982,Nível IV,77.0
3527702,2019,3,6202316.86,3859138.57,2097048.66,6202316.86,3859138.57,2097048.66,152,149,350,0,2,20,0,18,0,1,1,1,0,7.9,5.9,1.0,294.46,238.17,7.913882,,,,,,,4.7496,Nível III,51.0
3529005,2019,2,,,,,,,17,0,2962,7505,0,0,0,0,0,1,0,11,28,7.2,7.1,0.995963,261.8,236.98,7.268963,5.4,6.0,0.973874,269.25,262.88,5.5355,5.3751,Nível IV,3708.0
3529005,2019,3,176821915.62,67986587.17,72828762.86,182236644.54,70209630.41,75412198.86,4986,4573,8141,0,245,426,1,339,1,38,28,20,0,7.2,7.0,0.992479,263.16,236.97,7.294736,,,,,,,5.3793,Nível IV,1371.0
3533700,2019,2,,,,,,,0,0,0,219,0,0,0,0,0,0,0,0,1,,6.2,,,,,5.6,6.0,0.990153,275.59,261.65,5.620667,5.1534,Nível IV,87.0
3533700,2019,3,5710326.55,3537087.17,1749764.02,5928550.57,3547217.01,1759772.7,158,105,334,0,3,19,0,15,0,1,1,1,0,7.1,6.3,0.991308,256.17,239.46,7.206611,,,,,,,5.3381,Nível IV,76.0
3534005,2019,2,,,,,,,0,0,0,275,0,0,0,0,0,0,0,0,1,,,,,,,4.5,6.1,0.938152,250.2,236.99,4.7865,5.2511,Nível IV,89.0
3534005,2019,3,5567801.96,4673749.35,815642.09,5655554.11,4761501.5,815642.09,102,154,335,0,6,25,0,20,0,1,2,1,0,6.4,6.7,1.0,237.24,215.32,6.406443,,,,,,,5.1157,Nível IV,61.0
3534708,2019,2,,,,,,,0,0,499,2737,0,0,0,0,0,0,0,4,13,7.2,6.1,0.990486,264.8,235.18,7.293488,5.3,5.7,0.970366,267.49,261.83,5.488667,5.2652,Nível IV,1422.0
3534708,2019,3,93222336.38,74785880.3,16351122.18,94768778.91,75778146.22,16601183.23,1464,2044,5261,1471,240,308,91,238,62,18,22,12,3,7.0,6.6,0.966096,258.02,237.85,7.212644,5.8,6.1,0.954858,286.27,278.88,6.085833,5.3673,Nível IV,1178.0
3540002,2019,2,,,,,,,0,0,0,688,0,0,0,0,0,0,0,0,2,,,,,,,5.3,6.2,0.978239,262.72,259.99,5.3785,5.3773,Nível IV,292.0
3540002,2019,3,19380849.96,10630313.43,7077267.77,19380849.96,10630313.43,7077267.77,387,458,1004,0,25,65,0,53,0,4,4,3,0,7.5,6.9,1.0,268.6,244.21,7.530189,,,,,,,5.4015,Nível IV,165.0
3541406,2019,2,,,,,,,28,0,0,7720,0,0,0,0,0,1,0,0,26,,6.9,,,,,5.1,5.6,0.933472,266.24,261.69,5.4655,5.4659,Nível V,3327.0
3541406,2019,3,169247119.08,89750838.26,72047624.86,169742511.4,90022649.28,72271206.16,4450,3969,9440,0,389,375,2,368,2,35,36,32,0,6.7,6.4,0.974318,245.15,230.84,6.839579,,,,,,,5.4036,Nível IV,1724.0
3541703,2019,2,,,,,,,0,0,0,461,0,0,0,0,0,0,0,0,1,,,,,,,4.6,5.1,0.969608,243.95,240.79,4.745667,5.2718,Nível IV,214.0
3541703,2019,3,,,,,,,308,294,749,0,16,44,0,35,0,2,3,3,0,7.2,6.5,1.0,259.43,235.1,7.189552,,,,,,,5.2577,Nível IV,138.0
3543907,2019,2,,,,,,,20,0,192,7699,0,0,0,0,0,1,0,1,18,7.7,6.5,1.0,271.43,248.23,7.657287,5.6,6.3,0.962534,273.9,273.56,5.791,5.3254,Nível IV,3222.0
3543907,2019,3,184449966.84,86287143.0,76482008.39,186104755.66,87694361.61,76512136.3,4163,4171,9668,119,498,540,34,448,12,41,26,26,1,6.7,6.8,0.974256,244.92,231.79,6.852462,,,,,,,5.3283,Nível IV,1818.0
3548906,2019,2,,,,,,,40,21,6256,8114,0,0,0,0,0,1,1,18,24,7.3,7.0,1.0,258.56,240.34,7.268222,5.6,5.9,0.995999,269.07,265.81,5.581333,5.4715,Nível V,4425.0
3548906,2019,3,189527333.62,18932410.4,15668563.35,199932421.35,22180889.6,20192903.82,5044,4529,5072,819,368,298,65,200,29,48,34,9,2,6.8,6.5,0.971979,250.86,232.52,6.979094,5.9,6.2,0.971692,282.66,283.38,6.100667,5.3736,Nível IV,930.0
3555000,2019,2,,,,,,,0,0,1033,2188,0,0,0,0,0,0,0,6,6,6.9,6.8,0.967595,259.65,233.46,7.163933,5.1,5.6,0.966283,260.76,258.04,5.313333,5.3985,Nível IV,1291.0
3555000,2019,3,136598437.65,78061746.84,48188561.28,137761329.03,79131043.35,48270651.9,1118,1087,1947,0,63,153,0,109,0,8,7,10,0,6.6,6.7,0.989156,245.2,224.32,6.721988,,,,,,,5.3857,Nível IV,315.0
3556602,2019,2,,,,,,,0,0,0,454,0,0,0,0,0,0,0,0,2,,,,,,,5.6,6.4,0.99548,271.22,265.53,5.6125,5.3143,Nível IV,254.0
3556602,2019,3,8541717.51,5353188.45,2691865.02,8557917.0,5369387.94,2691865.02,185,219,571,0,16,32,0,28,0,3,2,2,0,6.1,6.2,0.983388,229.9,211.53,6.197457,,,,,,,5.3568,Nível IV,95.0
3501400,2020,2,,,,,,,0,0,0,191,0,0,0,0,0,0,0,0,1,,,,,,,,,,,,,,,
3501400,2020,3,3254416.8,2805843.51,335020.0,3527010.04,3077845.97,335020.0,0,86,233,0,1,16,0,11,0,0,1,1,0,,,,,,,,,,,,,,,
3501509,2020,2,,,,,,,0,0,0,188,0,0,0,0,0,0,0,0,1,,,,,,,,,,,,,,,
3501509,2020,3,,,,,,,105,83,234,0,19,16,0,12,0,1,1,1,0,,,,,,,,,,,,,,,
3502804,2020,2,,,,,,,15,0,4,6473,0,0,0,0,0,1,0,1,24,,,,,,,,,,,,,,,
3502804,2020,3,159797752.62,76796448.14,57664409.71,166487744.81,78828496.54,58757501.21,3479,3780,8884,0,348,412,8,370,6,39,39,30,0,,,,,,,,,,,,,,,
3503208,2020,2,,,,,,,28,0,5535,5949,0,0,0,0,0,1,0,13,21,,,,,,,,,,,,,,,
3503208,2020,3,180790618.6,69126009.65,83767739.73,185215118.21,70383610.43,86583317.38,5584,4700,5084,2395,473,292,157,229,104,43,42,14,11,,,,,,,,,,,,,,,
3504008,2020,2,,,,,,,6,0,0,3988,0,0,0,0,0,1,0,0,12,,,,,,,,,,,,,,,
3504008,2020,3,111318172.1,43485720.39,26965537.99,114232688.45,44665596.05,27219367.06,1919,1714,5039,0,173,322,0,218,0,16,19,19,0,,,,,,,,,,,,,,,
3506003,2020,2,,,,,,,41,0,9754,12342,0,0,0,0,0,1,0,30,38,,,,,,,,,,,,,,,
3506003,2020,3,216285937.83,95578454.28,113738388.73,218735595.62,96068248.25,114438794.52,4704,5475,7210,1483,455,335,87,271,56,65,65,16,5,,,,,,,,,,,,,,,
3507506,2020,2,,,,,,,76,0,12,3485,0,0,0,0,0,2,0,1,14,,,,,,,,,,,,,,,
3507506,2020,3,108614901.3,72654492.83,27696362.55,111939315.61,74343066.07,27895289.1,2107,2105,6706,2296,193,280,90,262,85,22,24,21,5,,,,,,,,,,,,,,,
3514403,2020,2,,,,,,,0,0,0,1523,0,0,0,0,0,0,0,0,4,,,,,,,,,,,,,,,
3514403,2020,3,,,,,,,1085,762,2093,81,72,172,20,103,9,9,9,9,2,,,,,,,,,,,,,,,
3516606,2020,2,,,,,,,0,0,0,228,0,0,0,0,0,0,0,0,1,,,,,,,,,,,,,,,
3516606,2020,3,5573211.43,3204761.15,1794145.05,5576842.59,3208392.31,1794145.05,134,127,354,0,9,22,0,19,0,1,1,1,0,,,,,,,,,,,,,,,
3516705,2020,2,,,,,,,0,0,0,1604,0,0,0,0,0,0,0,0,6,,,,,,,,,,,,,,,
3516705,2020,3,30367584.01,18610723.67,8448935.06,31877704.75,20022142.62,8473959.21,661,859,2160,0,40,161,0,99,0,17,10,9,0,,,,,,,,,,,,,,,
3517703,2020,2,,,,,,,0,0,0,0,0,0,0,0,0,0,0,0,0,,,,,,,,,,,,,,,
3517703,2020,3,32928004.05,21589389.65,7307262.29,32928004.05,21589389.65,7307262.29,272,315,1058,1044,70,78,49,55,42,5,4,6,1,,,,,,,,,,,,,,,
3525300,2020,2,,,,,,,0,0,0,4165,0,0,0,0,0,0,0,0,13,,,,,,,,,,,,,,,
3525300,2020,3,99574755.0,48243594.76,37669745.84,100127742.01,48317701.96,38082234.8,1197,2415,6081,629,277,308,60,266,36,28,26,19,1,,,,,,,,,,,,,,,
3526001,2020,2,,,,,,,0,0,0,883,0,0,0,0,0,0,0,0,2,,,,,,,,,,,,,,,
3526001,2020,3,19872659.8,13614332.62,5454395.92,19872659.8,13614332.62,5454395.92,567,437,1190,0,26,71,0,52,0,5,8,3,0,,,,,,,,,,,,,,,
3527108,2020,2,,,,,,,0,0,2803,2594,0,0,0,0,0,0,0,7,10,,,,,,,,,,,,,,,
3527108,2020,3,44953642.78,13969744.59,25969468.9,45702053.06,14055560.33,26514364.38,903,1479,983,0,106,58,6,44,2,12,9,6,0,,,,,,,,,,,,,,,
3527702,2020,2,,,,,,,0,0,0,234,0,0,0,0,0,0,0,0,1,,,,,,,,,,,,,,,
3527702,2020,3,5534877.67,3430530.28,1946074.78,5534877.67,3430530.28,1946074.78,120,152,354,0,5,19,0,18,0,1,1,1,0,,,,,,,,,,,,,,,
3529005,2020,2,,,,,,,20,0,2984,7512,0,0,0,0,0,1,0,11,29,,,,,,,,,,,,,,,
3529005,2020,3,177892750.74,68996934.35,77230334.58,183236754.45,70843103.5,80480144.4,5139,4819,8190,0,276,438,2,340,2,38,28,21,0,,,,,,,,,,,,,,,
3533700,2020,2,,,,,,,0,0,0,226,0,0,0,0,0,0,0,0,1,,,,,,,,,,,,,,,
3533700,2020,3,5709163.21,3495249.13,1852573.59,5718332.33,3499438.83,1855602.26,151,99,313,0,5,18,0,15,0,1,1,1,0,,,,,,,,,,,,,,,
3534005,2020,2,,,,,,,0,0,0,279,0,0,0,0,0,0,0,0,1,,,,,,,,,,,,,,,
3534005,2020,3,5047598.48,3815063.72,1167931.3,5196958.55,3815063.72,1317291.37,104,174,332,0,6,26,0,20,0,1,2,1,0,,,,,,,,,,,,,,,
3534708,2020,2,,,,,,,0,0,448,2832,0,0,0,0,0,0,0,4,13,,,,,,,,,,,,,,,
3534708,2020,3,84086443.0,67006251.86,16419412.54,85158136.64,67789665.28,16707692.76,1470,1984,5297,1557,232,293,88,243,65,18,22,12,3,,,,,,,,,,,,,,,
3540002,2020,2,,,,,,,0,0,0,731,0,0,0,0,0,0,0,0,2,,,,,,,,,,,,,,,
3540002,2020,3,16617807.85,8732393.14,7461559.32,16702754.18,8797598.43,7481300.36,352,444,1036,0,24,67,0,54,0,4,4,3,0,,,,,,,,,,,,,,,
3541406,2020,2,,,,,,,32,0,2,7607,0,0,0,0,0,1,0,1,26,,,,,,,,,,,,,,,
3541406,2020,3,159142725.12,82603710.56,72914553.18,160699144.06,83949360.13,72929913.18,4402,4212,9377,0,421,381,3,373,3,35,38,32,0,,,,,,,,,,,,,,,
3541703,2020,2,,,,,,,0,0,0,473,0,0,0,0,0,0,0,0,1,,,,,,,,,,,,,,,
3541703,2020,3,,,,,,,275,310,732,0,18,47,0,37,0,2,3,3,0,,,,,,,,,,,,,,,
3543907,2020,2,,,,,,,24,0,179,7474,0,0,0,0,0,1,0,1,18,,,,,,,,,,,,,,,
3543907,2020,3,172483374.83,90705108.02,67617183.11,179202920.16,93332460.6,70563182.04,3930,4287,9644,121,516,536,33,447,12,41,26,26,1,,,,,,,,,,,,,,,
3548906,2020,2,,,,,,,40,22,6029,8400,0,0,0,0,0,1,1,17,24,,,,,,,,,,,,,,,
3548906,2020,3,183462526.45,9364970.03,17517257.79,191289895.29,10625250.0,20191251.52,4506,4742,5419,811,424,279,55,222,29,49,35,10,2,,,,,,,,,,,,,,,
3555000,2020,2,,,,,,,0,0,972,2366,0,0,0,0,0,0,0,6,6,,,,,,,,,,,,,,,
3555000,2020,3,40111520.4,22591282.61,16030097.17,40525627.29,22977303.28,16058183.39,1134,1134,1926,0,73,153,0,109,0,8,9,11,0,,,,,,,,,,,,,,,
3556602,2020,2,,,,,,,0,0,0,429,0,0,0,0,0,0,0,0,2,,,,,,,,,,,,,,,
3556602,2020,3,7798318.06,4478056.76,2854844.42,7798318.06,4478056.76,2854844.42,178,207,564,0,17,31,0,28,0,3,2,2,0,,,,,,,,,,,,,,,
3501400,2021,2,,,,,,,0,0,0,193,0,0,0,0,0,0,0,0,1,,,,,,,,5.8,1.0,,,,5.16,Nível IV,52.0
3501400,2021,3,3697482.95,3155972.03,357211.67,3900200.28,3358404.66,357211.67,0,74,230,0,0,20,0,15,0,0,1,1,0,5.8,6.3,0.98176,216.91,207.59,5.87792,,,,,,,5.07,Nível IV,43.0
3501509,2021,2,,,,,,,0,0,0,188,0,0,0,0,0,0,0,0,1,,,,,,,5.1,5.5,0.995181,249.28,257.96,5.120667,5.15,Nível IV,62.0
3501509,2021,3,,,,,,,92,81,224,0,14,16,0,11,0,1,1,1,0,6.2,6.5,1.0,230.58,213.56,6.247344,,,,,,,5.24,Nível IV,45.0
3502804,2021,2,,,,,,,11,0,2,6606,0,0,0,0,0,1,0,1,24,,,,,,,5.4,6.0,0.989996,263.61,265.22,5.4805,5.42,Nível IV,2406.0
3502804,2021,3,177209754.61,83356875.26,68802468.37,186335514.69,86627669.84,73361691.6,3325,3556,9266,0,350,444,9,376,6,39,39,30,0,6.9,7.0,0.995199,247.87,232.78,6.92676,,,,,,,5.35,Nível IV,1535.0
3503208,2021,2,,,,,,,17,0,5365,5907,0,0,0,0,0,1,0,13,21,6.7,7.3,0.999,239.42,228.73,6.691864,5.4,6.6,0.995498,260.21,265.48,5.428167,5.47,Nível V,3460.0
3503208,2021,3,228025094.02,110296823.63,109838939.34,247110931.1,123903686.48,115248358.31,4963,4512,5140,2425,449,318,157,251,103,46,42,15,11,5.9,6.9,0.998599,217.35,210.54,5.939954,5.3,6.1,0.998249,260.24,256.61,5.280833,5.28,Nível IV,1231.0
3504008,2021,2,,,,,,,6,0,0,4051,0,0,0,0,0,1,0,0,12,,,,,,,5.4,6.3,0.962572,267.34,267.31,5.5775,5.52,Nível V,1509.0
3504008,2021,3,121791824.32,47036138.61,27323110.64,130075902.04,53182039.88,28161508.0,1654,1682,5137,0,175,341,0,221,0,15,18,19,0,6.1,6.7,0.998799,222.39,213.56,6.091046,,5.4,,,,,5.41,Nível IV,832.0
3506003,2021,2,,,,,,,20,0,10076,12288,0,0,0,0,0,1,0,29,38,5.9,7.0,0.986584,221.49,206.8,5.950961,5.0,6.1,0.975982,251.85,254.51,5.106,5.44,Nível IV,6119.0
3506003,2021,3,288206108.36,132588602.74,133399370.16,293476235.05,133346979.26,134594933.87,4286,5262,7237,1504,578,330,81,271,55,65,65,16,5,5.6,6.5,0.958221,213.8,206.33,5.79566,5.3,6.3,0.943889,265.83,272.12,5.6325,5.46,Nível V,1310.0
3507506,2021,2,,,,,,,75,0,0,3423,0,0,0,0,0,2,0,0,14,,6.8,,,,,5.0,5.8,0.978473,251.87,254.64,5.1085,5.45,Nível V,1623.0
3507506,2021,3,135105815.48,70643387.31,54551879.25,141575546.46,74471364.06,55223126.66,1918,2008,6870,2394,193,274,90,266,83,22,25,22,5,6.3,6.8,0.995984,229.0,216.79,6.275918,5.4,5.6,0.989685,265.32,261.24,5.442667,5.41,Nível IV,1631.0
3514403,2021,2,,,,,,,0,0,0,1450,0,0,0,0,0,0,0,0,4,,,,,,,5.6,6.3,0.981932,270.63,268.77,5.656667,5.52,Nível V,665.0
3514403,2021,3,,,,,,,967,708,2151,86,82,147,20,104,8,9,9,9,2,6.4,6.9,0.997389,233.99,220.87,6.445329,,5.9,,,,,5.5,Nível V,442.0
3516606,2021,2,,,,,,,0,0,0,250,0,0,0,0,0,0,0,0,1,,6.8,,,,,,5.8,1.0,,,,5.13,Nível IV,73.0
3516606,2021,3,6894943.08,4103079.43,1873831.05,7270140.78,4393639.09,1958469.09,92,125,360,0,14,24,0,20,0,1,1,1,0,5.8,7.3,1.0,215.52,203.49,5.776848,,,,,,,5.2,Nível IV,67.0
3516705,2021,2,,,,,,,0,0,0,1654,0,0,0,0,0,0,0,0,6,,7.1,,,,,5.0,5.9,0.995492,250.84,251.28,5.035333,5.27,Nível IV,606.0
3516705,2021,3,35031968.51,21823724.22,8576437.43,37244563.68,23312919.12,9096076.54,660,784,2165,0,38,154,0,98,0,17,10,9,0,6.0,6.7,0.990571,222.64,210.85,6.046544,,,,,,,5.33,Nível IV,356.0
3517703,2021,2,,,,,,,0,0,0,0,0,0,0,0,0,0,0,0,0,,,,,,,,4.2,,,,,5.07,Nível IV,85.0
3517703,2021,3,29667960.27,21604402.14,6670210.77,29667960.27,21604402.14,6670210.77,257,299,1056,974,71,76,53,56,42,6,4,6,1,5.6,6.5,0.996188,209.16,200.74,5.605474,,5.7,0.968736,,,,5.26,Nível IV,333.0
3525300,2021,2,,,,,,,0,0,0,4322,0,0,0,0,0,0,0,0,13,,6.5,,,,,5.3,5.9,0.976998,261.49,266.55,5.467333,5.47,Nível V,1841.0
3525300,2021,3,102282284.67,52178966.42,39244112.52,105757791.27,54313339.92,40409883.85,1153,2403,6086,681,237,315,54,267,33,30,26,19,1,6.4,6.8,0.996998,230.6,222.09,6.402816,,5.9,0.996718,,,,5.41,Nível IV,1070.0
3526001,2021,2,,,,,,,0,0,0,904,0,0,0,0,0,0,0,0,2,,,,,,,5.8,6.3,0.997494,276.39,269.88,5.771167,5.45,Nível V,340.0
3526001,2021,3,21696359.08,15130171.97,5487754.99,22101849.26,15535662.15,5487754.99,486,403,1161,0,31,69,0,52,0,5,8,3,0,7.3,7.3,0.998195,264.07,237.59,7.323375,,,,,,,5.41,Nível IV,224.0
3527108,2021,2,,,,,,,0,0,2809,2708,0,0,0,0,0,0,0,8,10,6.4,6.8,0.998996,233.0,218.81,6.388981,5.2,5.9,0.985999,255.7,259.89,5.259833,5.38,Nível IV,1212.0
3527108,2021,3,59587286.49,20252555.48,29505494.13,61853160.58,20527378.24,30820493.91,780,1426,1029,0,116,65,5,41,2,13,10,5,0,7.1,6.4,0.997187,256.62,236.76,7.166108,,,,,,,5.2,Nível IV,169.0
3527702,2021,2,,,,,,,0,0,0,255,0,0,0,0,0,0,0,0,1,,,,,,,5.1,6.3,1.0,264.25,242.53,5.113,4.85,Nível III,88.0
3527702,2021,3,6216542.08,4108861.47,1941784.06,6462611.99,4176157.4,2120558.04,125,120,348,0,3,19,0,17,0,1,1,1,0,6.7,6.1,1.0,243.27,223.02,6.661519,,,,,,,5.07,Nível IV,52.0
3529005,2021,2,,,,,,,11,0,2445,7871,0,0,0,0,0,1,0,11,28,6.6,7.3,0.997793,240.4,225.93,6.659657,5.4,6.2,0.993241,263.39,262.5,5.4315,5.44,Nível IV,3515.0
3529005,2021,3,172764744.37,71103281.12,66179465.92,188081298.65,78800353.82,69699005.08,4942,4436,8722,0,297,470,3,358,2,39,29,22,0,6.4,7.2,0.995575,234.82,221.56,6.473714,,,,,,,5.38,Nível IV,1555.0
3533700,2021,2,,,,,,,0,0,0,227,0,0,0,0,0,0,0,0,1,,6.4,,,,,5.5,6.2,1.0,267.51,259.64,5.4525,5.14,Nível IV,70.0
3533700,2021,3,6800744.93,4083806.16,2217547.02,7132361.38,4410289.71,2219553.08,132,131,285,0,6,18,0,14,0,1,1,1,0,6.1,6.6,0.971738,231.31,214.89,6.285457,,,,,,,5.1,Nível IV,68.0
3534005,2021,2,,,,,,,0,0,0,287,0,0,0,0,0,0,0,0,1,,,,,,,5.0,6.3,0.996463,252.62,248.78,5.023333,5.45,Nível V,103.0
3534005,2021,3,6827127.14,5537972.99,1227414.0,6849994.89,5560840.74,1227414.0,85,102,320,0,4,26,0,20,0,1,1,1,0,5.9,6.9,0.996759,219.67,204.62,5.876592,,,,,,,5.04,Nível IV,61.0
3534708,2021,2,,,,,,,0,0,439,2892,0,0,0,0,0,0,0,4,12,6.4,6.3,0.980385,235.7,225.94,6.570144,5.6,6.0,0.987977,268.03,270.1,5.6355,5.41,Nível IV,1532.0
3534708,2021,3,87769331.86,63424717.57,22883256.76,91734203.82,65968878.11,23691937.11,1236,2006,5064,1596,210,376,120,246,62,18,22,12,3,6.1,6.8,0.997396,223.49,212.93,6.100584,5.8,6.3,0.996738,276.48,274.34,5.847,5.33,Nível IV,1261.0
3540002,2021,2,,,,,,,0,0,0,793,0,0,0,0,0,0,0,0,2,,,,,,,5.3,6.4,0.954487,266.5,266.42,5.548667,5.46,Nível V,249.0
3540002,2021,3,23983000.43,13376211.94,9824968.38,24460327.66,13823689.17,9854818.38,263,417,1055,0,21,64,0,54,0,4,4,3,0,7.0,7.1,1.0,252.42,234.32,7.041592,,,,,,,5.46,Nível V,160.0
3541406,2021,2,,,,,,,25,0,0,7430,0,0,0,0,0,1,0,0,26,,7.1,,,,,5.3,5.9,0.972186,261.58,264.21,5.429833,5.49,Nível V,2422.0
3541406,2021,3,158820743.92,82354031.04,71153321.36,164344157.94,84472354.28,74519164.58,3782,4053,9593,0,435,384,4,385,4,35,36,32,0,6.0,6.6,0.949249,227.54,221.78,6.338783,,,,,,,5.36,Nível IV,1635.0
3541703,2021,2,,,,,,,0,0,0,535,0,0,0,0,0,0,0,0,1,,,,,,,,5.3,0.994206,,,,5.25,Nível IV,177.0
3541703,2021,3,,,,,,,229,303,743,0,22,44,0,36,0,2,3,3,0,6.5,6.8,1.0,234.93,224.38,6.527086,,,,,,,5.31,Nível IV,128.0
3543907,2021,2,,,,,,,21,0,157,7291,0,0,0,0,0,1,0,1,18,6.7,6.7,1.0,247.56,220.66,6.70048,5.5,6.5,0.975473,268.6,270.2,5.646667,5.38,Nível IV,2729.0
3543907,2021,3,189178388.43,102821051.72,66548172.15,198987424.74,106127520.04,71394707.98,3731,4054,9764,108,510,544,28,461,10,43,26,27,1,6.1,7.1,0.995564,219.18,217.57,6.102695,,,,,,,5.4,Nível IV,1403.0
3548906,2021,2,,,,,,,28,16,6052,8422,0,0,0,0,0,1,1,15,25,6.8,7.2,0.999199,244.34,229.5,6.799757,5.7,6.2,0.992498,270.95,274.13,5.751333,5.52,Nível V,4449.0
3548906,2021,3,190716715.6,17433270.9,16937621.48,214973480.55,25179778.92,24658282.0,4574,4674,5568,835,451,284,61,228,30,49,35,10,2,6.2,6.7,1.0,226.07,217.14,6.226366,5.9,6.4,0.994962,276.65,278.58,5.9205,5.41,Nível IV,983.0
3555000,2021,2,,,,,,,0,0,990,2394,0,0,0,0,0,0,0,6,6,6.4,7.0,1.0,235.52,218.62,6.433618,5.4,5.9,0.99147,262.58,262.69,5.421167,5.45,Nível V,1151.0
3555000,2021,3,52760313.58,33532862.88,16021912.07,52984499.71,33644689.31,16100598.26,770,1117,2074,0,65,156,0,111,0,8,9,11,0,6.3,6.9,0.999599,226.89,218.56,6.267833,,,,,,,5.4,Nível IV,291.0
3556602,2021,2,,,,,,,0,0,0,468,0,0,0,0,0,0,0,0,2,,,,,,,5.5,6.6,0.998241,264.21,264.65,5.481,5.35,Nível IV,192.0
3556602,2021,3,9404606.19,5820809.47,3084335.12,9427168.97,5839524.35,3087935.12,142,199,514,0,16,30,0,26,0,3,2,2,0,5.7,6.5,1.0,212.78,202.4,5.70474,,,,,,,5.26,Nível IV,72.0
3501400,2022,2,,,,,,,0,0,0,196,0,0,0,0,0,0,0,0,1,,,,,,,,,,,,,,,
3501400,2022,3,4785456.84,3700201.2,521674.12,5873885.01,3751744.21,1546961.45,0,73,214,0,0,19,0,15,0,0,1,1,0,,,,,,,,,,,,,,,
3501509,2022,2,,,,,,,0,0,0,181,0,0,0,0,0,0,0,0,1,,,,,,,,,,,,,,,
3501509,2022,3,,,,,,,116,79,206,0,9,17,0,12,0,1,1,1,0,,,,,,,,,,,,,,,
3502804,2022,2,,,,,,,10,1,2,6503,0,0,0,0,0,1,1,1,24,,,,,,,,,,,,,,,
3502804,2022,3,218233613.5,97298710.4,84048157.11,225560616.2,99088582.51,87120999.16,3490,3595,9318,0,372,443,8,380,6,36,39,30,0,,,,,,,,,,,,,,,
3503208,2022,2,,,,,,,26,0,5610,6083,0,0,0,0,0,1,0,13,21,,,,,,,,,,,,,,,
3503208,2022,3,271104090.57,141476651.3,120929792.93,281927057.66,144909070.7,128211622.5,5039,4507,5161,2272,507,325,152,250,104,46,42,15,11,,,,,,,,,,,,,,,
3504008,2022,2,,,,,,,4,0,0,3966,0,0,0,0,0,1,0,0,12,,,,,,,,,,,,,,,
3504008,2022,3,162883409.4,69856282.52,34711860.33,167663502.59,73233685.26,35519697.05,1703,1664,4969,0,223,324,0,222,0,15,18,19,0,,,,,,,,,,,,,,,
3506003,2022,2,,,,,,,34,0,10116,12257,0,0,0,0,0,1,0,29,39,,,,,,,,,,,,,,,
3506003,2022,3,316989180.21,144305533.03,137919754.34,321813405.2,147566673.83,139285854.35,4886,5129,7038,1443,675,331,84,274,55,66,66,16,5,,,,,,,,,,,,,,,
3507506,2022,2,,,,,,,52,0,0,3450,0,0,0,0,0,2,0,0,14,,,,,,,,,,,,,,,
3507506,2022,3,168515612.78,82867827.3,67181818.11,174079872.9,84592349.36,68045766.29,2236,1921,7039,2319,216,318,93,276,87,23,28,24,5,,,,,,,,,,,,,,,
3514403,2022,2,,,,,,,0,0,0,1485,0,0,0,0,0,0,0,0,4,,,,,,,,,,,,,,,
3514403,2022,3,,,,,,,990,747,1992,91,85,174,28,101,10,9,9,9,2,,,,,,,,,,,,,,,
3516606,2022,2,,,,,,,0,0,0,237,0,0,0,0,0,0,0,0,1,,,,,,,,,,,,,,,
3516606,2022,3,9395546.29,5287132.98,2508444.78,9643207.96,5531802.99,2508444.78,121,131,339,0,17,23,0,17,0,1,1,1,0,,,,,,,,,,,,,,,
3516705,2022,2,,,,,,,0,0,0,1652,0,0,0,0,0,0,0,0,6,,,,,,,,,,,,,,,
3516705,2022,3,45660019.02,24958087.89,10645984.31,48068461.01,25935136.38,11700895.78,811,773,2081,0,46,159,5,95,1,17,10,9,0,,,,,,,,,,,,,,,
3517703,2022,2,,,,,,,0,0,0,0,0,0,0,0,0,0,0,0,0,,,,,,,,,,,,,,,
3517703,2022,3,37973945.93,28523745.08,7720519.1,38043280.14,28583930.64,7729082.15,271,287,1078,919,96,78,52,59,42,6,4,6,1,,,,,,,,,,,,,,,
3525300,2022,2,,,,,,,0,0,0,4130,0,0,0,0,0,0,0,0,13,,,,,,,,,,,,,,,
3525300,2022,3,134725606.77,66133845.43,47170709.81,136076289.04,66532636.37,47374918.77,1318,2303,5917,685,233,293,49,267,31,28,25,19,1,,,,,,,,,,,,,,,
3526001,2022,2,,,,,,,0,0,0,902,0,0,0,0,0,0,0,0,2,,,,,,,,,,,,,,,
3526001,2022,3,32140347.52,18093248.86,10800645.05,32750031.71,18294009.4,10986581.68,514,423,1163,0,27,71,0,53,0,5,5,3,0,,,,,,,,,,,,,,,
3527108,2022,2,,,,,,,0,0,2743,2584,0,0,0,0,0,0,0,8,10,,,,,,,,,,,,,,,
3527108,2022,3,77083278.65,28421342.4,36341897.32,82669973.94,30371070.58,39672748.62,786,1402,1031,197,121,56,20,42,10,13,10,5,1,,,,,,,,,,,,,,,
3527702,2022,2,,,,,,,0,0,0,241,0,0,0,0,0,0,0,0,1,,,,,,,,,,,,,,,
3527702,2022,3,9744921.56,6469373.25,2792249.84,9998615.37,6723067.06,2792249.84,127,120,370,0,5,22,0,18,0,1,1,1,0,,,,,,,,,,,,,,,
3529005,2022,2,,,,,,,5,0,2250,7951,0,0,0,0,0,1,0,11,28,,,,,,,,,,,,,,,
3529005,2022,3,218352014.59,85353666.34,88507292.74,225540501.07,88782536.64,91599923.46,5119,4615,8828,0,435,454,1,368,1,39,29,21,0,,,,,,,,,,,,,,,
3533700,2022,2,,,,,,,0,0,0,243,0,0,0,0,0,0,0,0,1,,,,,,,,,,,,,,,
3533700,2022,3,9346837.92,5344859.41,2915211.39,9378529.16,5360031.72,2929108.63,142,124,272,0,5,17,0,14,0,1,1,1,0,,,,,,,,,,,,,,,
3534005,2022,2,,,,,,,0,0,0,259,0,0,0,0,0,0,0,0,1,,,,,,,,,,,,,,,
3534005,2022,3,8464258.87,7328194.63,1092009.24,8464258.87,7328194.63,1092009.24,110,105,317,0,7,26,0,20,0,1,1,1,0,,,,,,,,,,,,,,,
3534708,2022,2,,,,,,,0,0,437,2921,0,0,0,0,0,0,0,4,12,,,,,,,,,,,,,,,
3534708,2022,3,118259440.58,96101777.25,20283183.47,119166868.42,96706634.22,20581964.34,1355,2027,4865,1561,228,351,137,236,65,18,22,12,3,,,,,,,,,,,,,,,
3540002,2022,2,,,,,,,0,0,0,773,0,0,0,0,0,0,0,0,2,,,,,,,,,,,,,,,
3540002,2022,3,33371258.74,17899827.37,11739013.54,33371258.74,17899827.37,11739013.54,374,381,1106,0,36,88,0,62,0,4,4,3,0,,,,,,,,,,,,,,,
3541406,2022,2,,,,,,,26,0,0,7482,0,0,0,0,0,1,0,0,26,,,,,,,,,,,,,,,
3541406,2022,3,215888754.11,122410636.31,87382607.2,219449028.99,124896688.21,88456830.18,3634,4027,9559,0,579,431,4,399,4,34,38,32,0,,,,,,,,,,,,,,,
3541703,2022,2,,,,,,,0,0,0,498,0,0,0,0,0,0,0,0,1,,,,,,,,,,,,,,,
3541703,2022,3,,,,,,,263,258,766,0,16,46,0,36,0,3,6,3,0,,,,,,,,,,,,,,,
3543907,2022,2,,,,,,,23,0,148,7407,0,0,0,0,0,1,0,1,17,,,,,,,,,,,,,,,
3543907,2022,3,242318089.94,136163994.89,76594659.94,249277771.44,139092655.69,77711480.1,3914,3855,9731,119,574,570,24,473,9,44,27,27,1,,,,,,,,,,,,,,,
3548906,2022,2,,,,,,,34,19,6250,8303,0,0,0,0,0,1,1,15,25,,,,,,,,,,,,,,,
3548906,2022,3,273287246.37,21683437.72,66126576.53,292324190.63,25745809.76,75784083.6,4072,4464,5416,802,531,279,59,226,32,50,37,10,2,,,,,,,,,,,,,,,
3555000,2022,2,,,,,,,0,0,1052,2255,0,0,0,0,0,0,0,6,6,,,,,,,,,,,,,,,
3555000,2022,3,63938127.75,36245696.68,25005145.41,65781085.33,38001241.67,25064993.69,1048,1107,2056,0,79,143,0,115,0,8,9,11,0,,,,,,,,,,,,,,,
3556602,2022,2,,,,,,,0,0,0,423,0,0,0,0,0,0,0,0,2,,,,,,,,,,,,,,,
3556602,2022,3,12307874.27,7813164.36,3867130.07,12325931.81,7831221.9,3867130.07,183,177,509,0,16,31,0,26,0,3,2,2,0,,,,,,,,,,,,,,,
3501400,2023,2,,,,,,,0,0,0,189,0,0,0,0,0,0,0,0,1,,,,,,,,,1.0,,,,,,
3501400,2023,3,5641403.89,3884623.18,969788.62,5664767.04,3902508.0,969788.62,0,83,206,0,8,18,0,12,0,0,1,1,0,6.5,,0.995935,247.9,212.14,6.55206,,,,,,,,,
3501509,2023,2,,,,,,,0,0,0,193,0,0,0,0,0,0,0,0,1,,,,,,,5.2,,0.995181,257.85,256.86,5.245167,,,
3501509,2023,3,,,,,,,110,82,210,0,25,18,0,13,0,1,1,1,0,6.1,,1.0,229.29,205.53,6.076725,,,,,,,,,
3502804,2023,2,,,,,,,11,0,3,6683,0,0,0,0,0,1,0,1,24,,,,,,,5.6,,0.989737,267.5,271.48,5.649667,,,
3502804,2023,3,242844701.18,105097084.5,93054324.18,251720974.0,107567847.29,97339927.48,3587,3634,9121,0,598,473,8,380,6,39,40,30,0,6.9,,0.988267,252.8,233.1,7.026662,,,,,,,,,
3503208,2023,2,,,,,,,27,0,5543,6251,0,0,0,0,0,1,0,13,21,6.6,,0.996796,238.02,225.95,6.614601,5.2,,0.964564,259.36,261.74,5.351667,,,
3503208,2023,3,327045162.85,157159422.54,161583305.33,339794124.65,162382410.66,168645520.17,5089,4562,5128,2390,763,323,155,252,105,46,45,15,11,6.1,,0.987389,223.12,215.34,6.137341,5.4,,0.968497,265.5,268.88,5.573,,,
3504008,2023,2,,,,,,,7,0,0,3851,0,0,0,0,0,1,0,0,12,,,,,,,5.3,,0.971413,262.37,264.4,5.446167,,,
3504008,2023,3,172834181.55,73531769.51,38767051.54,174745803.8,74516459.61,39039767.27,1739,1582,4985,0,409,457,0,222,0,15,17,19,0,6.4,,0.996393,233.42,218.24,6.386633,,,,,,,,,
3506003,2023,2,,,,,,,33,0,9809,12127,0,0,0,0,0,1,0,29,39,5.9,,0.989983,221.13,208.62,5.977182,4.9,,0.957967,251.14,255.15,5.104833,,,
3506003,2023,3,361043497.52,162520878.84,160518661.78,364405687.96,163681874.44,162410536.57,5223,5338,7026,1450,1301,344,84,273,55,67,67,16,5,5.9,,0.968219,224.13,210.27,6.064434,5.1,,0.916533,264.87,268.85,5.562,,,
3507506,2023,2,,,,,,,57,0,1,3422,0,0,0,0,0,2,0,1,14,,,,,,,4.8,,0.96123,249.32,252.51,5.0305,,,
3507506,2023,3,190992230.99,112600435.38,59852292.2,195521833.12,115879648.98,60667678.58,2135,1950,6902,2337,299,380,104,268,91,22,27,24,5,6.3,,0.997593,232.21,216.5,6.331905,5.6,,0.97362,270.83,271.64,5.707833,,,
3514403,2023,2,,,,,,,0,0,0,1495,0,0,0,0,0,0,0,0,4,,,,,,,5.5,,0.986429,268.28,265.97,5.570833,,,
3514403,2023,3,,,,,,,1110,813,1911,84,99,179,40,100,11,9,9,9,2,7.0,,0.994187,251.21,233.97,7.012137,5.4,,1.0,261.61,263.11,5.412,,,
3516606,2023,2,,,,,,,0,0,0,226,0,0,0,0,0,0,0,0,1,,,,,,,4.6,,0.995181,237.55,242.7,4.670833,,,
3516606,2023,3,9433180.31,5053910.67,2777833.98,9624443.93,5244543.59,2778402.68,145,126,339,0,21,25,0,19,0,2,1,1,0,6.0,,1.0,221.28,209.73,6.000226,,,,,,,,,
3516705,2023,2,,,,,,,0,0,0,1659,0,0,0,0,0,0,0,0,6,,,,,,,5.1,,0.987985,253.21,253.97,5.119667,,,
3516705,2023,3,51815787.57,26845486.23,14870596.35,56634771.1,30710687.71,15660310.76,837,829,1979,0,97,153,7,88,2,16,11,9,0,6.4,,0.997593,232.58,218.36,6.372784,,,,,,,,,
3517703,2023,2,,,,,,,0,0,0,0,0,0,0,0,0,0,0,0,0,,,,,,,,,,,,,,,
3517703,2023,3,42119885.23,32436655.65,7934434.46,42211597.28,32526900.16,7934434.46,286,287,1044,863,79,75,49,56,41,6,4,6,1,6.1,,0.998996,222.62,214.33,6.109435,4.6,,0.940573,246.37,247.21,4.893,,,
3525300,2023,2,,,,,,,0,0,0,3968,0,0,0,0,0,0,0,0,13,,,,,,,5.2,,0.970412,256.96,262.13,5.318167,,,
3525300,2023,3,169751481.96,81692602.26,63116970.23,177210456.83,82908283.7,68726097.36,1491,2282,5812,640,403,300,51,262,31,28,25,19,1,6.4,,0.994985,235.79,219.62,6.456953,5.7,,0.992183,273.99,272.7,5.778167,,,
3526001,2023,2,,,,,,,0,0,0,936,0,0,0,0,0,0,0,0,2,,,,,,,5.9,,0.992498,280.11,278.58,5.978167,,,
3526001,2023,3,35816973.05,19104475.15,13153553.34,35816973.05,19104475.15,13153553.34,581,394,1107,0,45,73,0,53,0,5,5,3,0,7.7,,1.0,274.61,247.22,7.699611,,,,,,,,,
3527108,2023,2,,,,,,,0,0,2625,2623,0,0,0,0,0,0,0,8,10,6.2,,0.988055,229.73,217.72,6.306759,4.9,,0.948694,255.33,257.41,5.212333,,,
3527108,2023,3,86785647.8,28871704.07,42509291.29,87929685.27,29062063.39,43135034.36,773,1479,981,248,267,57,21,42,12,13,10,5,1,6.8,,1.0,247.26,226.13,6.79421,6.3,,0.988943,299.93,285.1,6.417167,,,
3527702,2023,2,,,,,,,0,0,0,247,0,0,0,0,0,0,0,0,1,,,,,,,5.7,,0.971347,280.47,272.17,5.877333,,,
3527702,2023,3,10365106.2,6360092.93,3509157.95,10399959.68,6360092.93,3544011.43,153,142,352,0,10,20,0,18,0,1,1,1,0,7.0,,1.0,256.58,230.24,7.046799,,,,,,,,,
3529005,2023,2,,,,,,,9,0,2057,7888,0,0,0,0,0,1,0,11,28,6.7,,0.996995,243.59,225.78,6.717808,5.3,,0.981389,261.91,263.15,5.417667,,,
3529005,2023,3,276574425.36,98260014.05,98491974.99,301014049.87,110495547.69,108629726.69,5241,5112,8609,0,671,394,2,359,2,39,29,21,0,7.0,,0.996987,253.63,229.66,6.979956,,,,,,,,,
3533700,2023,2,,,,,,,0,0,0,241,0,0,0,0,0,0,0,0,1,,,,,,,5.4,,1.0,264.38,262.23,5.4435,,,
3533700,2023,3,10227092.17,5889819.45,3280895.25,10240913.07,5890329.45,3283240.56,160,106,289,0,13,20,0,14,0,1,1,1,0,7.6,,1.0,273.81,244.4,7.633071,,,,,,,,,
3534005,2023,2,,,,,,,0,0,0,269,0,0,0,0,0,0,0,0,1,,,,,,,4.6,,0.977353,239.1,240.99,4.668167,,,
3534005,2023,3,9472189.93,8591833.04,821286.89,9472189.93,8591833.04,821286.89,122,124,323,0,20,26,0,20,0,1,1,1,0,6.5,,1.0,237.03,220.27,6.492435,,,,,,,,,
3534708,2023,2,,,,,,,0,0,393,2890,0,0,0,0,0,0,0,4,12,6.0,,0.995438,221.13,213.4,6.064091,5.7,,0.98744,271.46,272.16,5.727,,,
3534708,2023,3,134588767.01,102522578.73,29966547.07,135716717.62,102932944.1,30670459.61,1511,2064,4729,1654,272,361,126,233,68,20,22,12,3,6.2,,0.980001,233.56,216.54,6.358396,5.5,,0.96773,270.11,270.25,5.672667,,,
3540002,2023,2,,,,,,,0,0,0,795,0,0,0,0,0,0,0,0,2,,,,,,,5.4,,0.974515,262.41,267.02,5.4905,,,
3540002,2023,3,38467546.09,19734434.62,14384556.22,38471686.09,19738574.62,14384556.22,367,414,1078,0,83,80,0,64,0,4,4,3,0,7.4,,1.0,267.14,240.18,7.429053,,,,,,,,,
3541406,2023,2,,,,,,,23,0,0,7320,0,0,0,0,0,1,0,0,26,,,,,,,5.1,,0.963306,258.41,260.05,5.307667,,,
3541406,2023,3,246795941.79,134285385.4,92527107.13,249763090.37,137234153.98,92545487.13,4001,4116,9562,0,704,410,4,406,4,35,40,33,0,6.6,,0.967369,245.21,228.16,6.791997,,,,,,,,,
3541703,2023,2,,,,,,,0,0,0,471,0,0,0,0,0,0,0,0,1,,,,,,,5.0,,0.962267,252.86,259.91,5.212833,,,
3541703,2023,3,,,,,,,327,282,729,0,35,51,0,36,0,3,3,2,0,6.5,,1.0,240.21,218.34,6.518031,,,,,,,,,
3543907,2023,2,,,,,,,21,0,148,7357,0,0,0,0,0,1,0,1,17,7.1,,0.99301,261.77,233.14,7.198573,5.4,,0.985731,260.32,265.88,5.436667,,,
3543907,2023,3,284472956.35,182782787.88,70731057.41,287424483.91,184168311.33,70843807.54,3856,4015,9391,140,647,606,22,468,9,45,27,28,1,6.2,,0.976444,233.04,218.78,6.389199,,,,,,,,,
3548906,2023,2,,,,,,,25,32,6132,8123,0,0,0,0,0,1,1,15,25,7.1,,0.996993,254.81,238.53,7.163748,5.5,,0.982411,265.81,268.5,5.571833,,,
3548906,2023,3,313862591.64,31577483.12,34335877.35,333395138.83,36564502.22,41825371.01,4337,4649,5594,809,1184,329,58,227,29,50,38,10,2,6.2,,0.982452,230.97,216.22,6.30315,5.9,,0.976839,278.66,280.75,5.990167,,,
3555000,2023,2,,,,,,,0,0,998,2372,0,0,0,0,0,0,0,6,6,6.8,,0.995992,246.33,226.9,6.790461,5.3,,0.97066,263.5,264.19,5.4615,,,
3555000,2023,3,83201263.52,51481142.34,29210036.17,84191893.28,52432217.04,29241353.75,1166,1124,2036,0,160,171,0,113,0,8,9,11,0,6.7,,0.999197,244.69,226.01,6.742982,,,,,,,,,
3556602,2023,2,,,,,,,0,0,0,423,0,0,0,0,0,0,0,0,2,,,,,,,5.7,,0.995478,277.01,268.67,5.761333,,,
3556602,2023,3,13572426.31,8942670.83,3928130.15,15337528.86,8948359.53,5687494.0,183,199,502,0,24,30,0,26,0,3,2,2,0,6.5,,0.99778,238.96,222.19,6.564176,,,,,,,,,
3501400,2024,2,,,,,,,0,0,0,172,0,0,0,0,0,0,0,0,1,,,,,,,,,,,,,,,
3501400,2024,3,7146834.75,4514305.56,447621.68,7345042.59,4653445.84,452848.68,81,84,203,0,10,16,0,11,0,1,1,1,0,,,,,,,,,,,,,,,
3501509,2024,2,,,,,,,0,0,0,186,0,0,0,0,0,0,0,0,1,,,,,,,,,,,,,,,
3501509,2024,3,,,,,,,100,92,195,0,25,16,0,12,0,1,1,1,0,,,,,,,,,,,,,,,
3502804,2024,2,,,,,,,14,0,0,6819,0,0,0,0,0,1,0,0,24,,,,,,,,,,,,,,,
3502804,2024,3,275915928.66,119369620.32,107347305.89,281346216.25,121139593.0,109515299.47,3541,3486,9181,0,735,460,8,367,6,39,40,30,0,,,,,,,,,,,,,,,
3503208,2024,2,,,,,,,26,0,5542,6048,0,0,0,0,0,1,0,12,21,,,,,,,,,,,,,,,
3503208,2024,3,370264441.12,182747760.48,171591888.9,386794299.96,193596130.51,176205549.57,5477,4337,5130,2477,913,324,159,246,106,46,45,15,11,,,,,,,,,,,,,,,
3504008,2024,2,,,,,,,5,0,0,3797,0,0,0,0,0,1,0,0,12,,,,,,,,,,,,,,,
3504008,2024,3,186008472.18,76663849.93,47034863.36,189839449.2,78604794.08,47147877.74,1742,1544,4949,0,488,460,0,219,0,14,17,19,0,,,,,,,,,,,,,,,
3506003,2024,2,,,,,,,29,0,9506,12029,0,0,0,0,0,1,0,28,39,,,,,,,,,,,,,,,
3506003,2024,3,418345058.11,185393244.55,197805691.22,425953735.25,188454988.37,202117922.11,5295,5528,7024,1498,1504,352,79,274,54,70,69,16,5,,,,,,,,,,,,,,,
3507506,2024,2,,,,,,,54,0,0,3318,0,0,0,0,0,2,0,0,14,,,,,,,,,,,,,,,
3507506,2024,3,205360606.62,108910806.29,72790917.41,208612416.17,110274550.09,73410674.04,1942,1982,6956,2277,410,378,96,266,88,21,28,24,5,,,,,,,,,,,,,,,
3514403,2024,2,,,,,,,0,0,0,1507,0,0,0,0,0,0,0,0,4,,,,,,,,,,,,,,,
3514403,2024,3,,,,,,,1098,791,1934,74,131,179,34,102,9,9,9,9,2,,,,,,,,,,,,,,,
3516606,2024,2,,,,,,,0,0,0,236,0,0,0,0,0,0,0,0,1,,,,,,,,,,,,,,,
3516606,2024,3,11148681.4,6004393.03,3346073.36,11151027.15,6005950.34,3346828.95,135,131,336,0,18,24,0,19,0,1,1,1,0,,,,,,,,,,,,,,,
3516705,2024,2,,,,,,,0,0,0,1648,0,0,0,0,0,0,0,0,6,,,,,,,,,,,,,,,
3516705,2024,3,55852045.19,30651304.5,16766326.7,57477199.93,31791770.01,17082845.52,790,847,1960,0,107,166,7,88,2,16,10,9,0,,,,,,,,,,,,,,,
3517703,2024,2,,,,,,,0,0,0,0,0,0,0,0,0,0,0,0,0,,,,,,,,,,,,,,,
3517703,2024,3,42930762.63,34036356.63,7092203.42,48852927.69,39728902.43,7111463.42,309,300,1051,843,70,72,46,55,37,6,4,6,2,,,,,,,,,,,,,,,
3525300,2024,2,,,,,,,0,0,0,3980,0,0,0,0,0,0,0,0,13,,,,,,,,,,,,,,,
3525300,2024,3,163320180.07,76316501.89,59080642.72,169348534.3,77269091.72,61790528.25,1505,2252,5705,562,390,288,41,252,26,32,26,19,1,,,,,,,,,,,,,,,
3526001,2024,2,,,,,,,0,0,0,935,0,0,0,0,0,0,0,0,2,,,,,,,,,,,,,,,
3526001,2024,3,35044633.48,17826569.46,12951028.12,35500143.57,17826569.46,13406538.21,585,361,1112,0,61,73,0,52,0,5,5,3,0,,,,,,,,,,,,,,,
3527108,2024,2,,,,,,,0,0,2565,2515,0,0,0,0,0,0,0,8,10,,,,,,,,,,,,,,,
3527108,2024,3,93230806.3,31259009.98,45415303.91,93915376.8,31650723.25,45686433.19,770,1455,988,351,284,53,27,42,16,13,11,5,1,,,,,,,,,,,,,,,
3527702,2024,2,,,,,,,0,0,0,242,0,0,0,0,0,0,0,0,1,,,,,,,,,,,,,,,
3527702,2024,3,10378822.19,6358633.53,3574831.77,10485926.19,6457633.53,3582191.77,148,131,354,0,23,21,0,16,0,1,1,1,0,,,,,,,,,,,,,,,
3529005,2024,2,,,,,,,8,0,2026,7892,0,0,0,0,0,1,0,11,30,,,,,,,,,,,,,,,
3529005,2024,3,301260262.57,98890698.2,108626995.0,326518841.27,112606087.66,115386949.69,5111,4970,8736,0,809,438,3,355,2,40,29,21,0,,,,,,,,,,,,,,,
3533700,2024,2,,,,,,,0,0,0,239,0,0,0,0,0,0,0,0,1,,,,,,,,,,,,,,,
3533700,2024,3,9942772.69,5677138.81,3164423.4,10051437.99,5680719.41,3268570.95,138,119,277,0,20,22,0,14,0,1,1,1,0,,,,,,,,,,,,,,,
3534005,2024,2,,,,,,,0,0,0,281,0,0,0,0,0,0,0,0,1,,,,,,,,,,,,,,,
3534005,2024,3,10720250.17,8843983.63,1785846.54,10720250.17,8843983.63,1785846.54,119,122,322,0,19,23,0,20,0,1,1,1,0,,,,,,,,,,,,,,,
3534708,2024,2,,,,,,,0,0,393,2842,0,0,0,0,0,0,0,4,12,,,,,,,,,,,,,,,
3534708,2024,3,171232461.44,105620523.86,62848945.2,171368087.64,105733084.65,62871942.51,1554,2059,4706,1642,332,342,127,229,67,20,21,12,3,,,,,,,,,,,,,,,
3540002,2024,2,,,,,,,0,0,0,801,0,0,0,0,0,0,0,0,2,,,,,,,,,,,,,,,
3540002,2024,3,40289006.96,20729430.67,13788964.22,40532901.52,20815014.99,13947274.46,386,411,1075,0,88,74,0,57,0,4,4,3,0,,,,,,,,,,,,,,,
3541406,2024,2,,,,,,,20,0,0,7058,0,0,0,0,0,1,0,0,26,,,,,,,,,,,,,,,
3541406,2024,3,267466875.27,145281116.09,110693087.38,269584066.71,147374628.45,110716766.46,4083,3989,9804,0,881,429,4,418,4,34,38,32,0,,,,,,,,,,,,,,,
3541703,2024,2,,,,,,,0,0,0,453,0,0,0,0,0,0,0,0,1,,,,,,,,,,,,,,,
3541703,2024,3,,,,,,,324,298,689,0,35,49,0,36,0,3,3,2,0,,,,,,,,,,,,,,,
3543907,2024,2,,,,,,,18,0,147,7180,0,0,0,0,0,1,0,1,17,,,,,,,,,,,,,,,
3543907,2024,3,296474232.98,186620368.5,83275876.99,297833896.05,186670437.93,83282867.43,3974,3927,9357,140,720,673,20,462,9,46,27,28,1,,,,,,,,,,,,,,,
3548906,2024,2,,,,,,,37,23,6058,8112,0,0,0,0,0,1,1,15,25,,,,,,,,,,,,,,,
3548906,2024,3,118555138.08,14908993.27,12629462.56,172364038.27,32162294.87,19784863.3,4141,4475,5760,847,1494,312,66,230,30,51,38,10,2,,,,,,,,,,,,,,,
3555000,2024,2,,,,,,,0,0,966,2286,0,0,0,0,0,0,0,6,8,,,,,,,,,,,,,,,
3555000,2024,3,84198441.43,43790519.85,37796477.25,84698307.52,44214701.36,37872161.83,1248,1049,2081,0,175,224,0,113,0,8,9,11,0,,,,,,,,,,,,,,,
3556602,2024,2,,,,,,,0,0,0,435,0,0,0,0,0,0,0,0,2,,,,,,,,,,,,,,,
3556602,2024,3,15763605.21,10096275.09,4838675.46,15813000.25,10106415.18,4877048.59,184,234,470,0,32,31,0,25,0,3,2,2,0,,,,,,,,,,,,,,,
3501400,2025,2,,,,,,,0,0,0,159,0,0,0,0,0,0,0,0,1,,,,,,,4.8,,1.0,244.98,245.75,4.8455,,,
3501400,2025,3,6884734.76,4896276.47,696316.73,7780516.19,4944597.93,1144795.75,84,72,189,0,14,16,0,11,0,1,1,1,0,6.3,,1.0,237.33,210.95,6.328706,,,,,,,,,
3501509,2025,2,,,,,,,0,0,0,163,0,0,0,0,0,0,0,0,1,,,,,,,4.7,,1.0,243.82,239.53,4.7225,,,
3501509,2025,3,,,,,,,98,87,221,0,14,17,0,13,0,1,1,1,0,6.2,,1.0,232.75,207.75,6.183119,,,,,,,,,
3502804,2025,2,,,,,,,15,0,0,6814,0,0,0,0,0,1,0,0,24,,,,,,,5.5,,0.98397,268.8,268.97,5.6295,,,
3502804,2025,3,272611887.32,105162185.96,112270581.56,294733129.79,112548170.79,124756891.79,3286,3286,9080,0,770,453,11,362,6,39,40,30,0,7.2,,0.99577,258.35,238.89,7.237851,,,,,,,,,
3503208,2025,2,,,,,,,20,0,5512,6028,0,0,0,0,0,1,0,12,21,7.0,,0.995997,251.26,234.37,7.020364,5.4,,0.981986,263.2,266.55,5.495833,,,
3503208,2025,3,390515532.02,188444020.64,181164417.6,422349041.4,209612531.92,190557372.82,5324,4130,5067,2480,723,322,157,244,107,48,47,15,11,6.2,,0.992789,226.32,215.4,6.1995,5.3,,0.961831,263.75,265.29,5.484,,,
3504008,2025,2,,,,,,,10,0,0,3778,0,0,0,0,0,1,0,0,12,,,,,,,5.2,,0.967712,262.7,260.96,5.394333,,,
3504008,2025,3,211332607.92,87747380.24,54501878.77,222589144.6,96442093.55,56742434.9,1623,1557,4726,0,410,405,0,212,0,15,17,19,0,6.7,,0.998399,240.9,225.59,6.663017,,,,,,,,,
3506003,2025,2,,,,,,,35,0,9180,12429,0,0,0,0,0,1,0,28,39,6.3,,0.988993,232.82,216.16,6.337364,4.9,,0.952328,253.6,254.36,5.132667,,,
3506003,2025,3,420933792.93,189990047.45,193439506.52,432510293.07,195294768.18,199695432.93,5183,5413,7017,1540,1125,346,83,273,54,71,71,16,5,5.8,,0.977251,220.74,208.36,5.965012,5.3,,0.941098,267.94,272.15,5.668167,,,
3507506,2025,2,,,,,,,56,0,0,3409,0,0,0,0,0,2,0,0,14,,,,,,,4.8,,0.945495,250.0,251.57,5.026167,,,
3507506,2025,3,225449237.86,116991668.48,83119753.05,232450184.88,120961423.68,84637062.89,1826,1849,6900,2355,479,371,107,267,91,21,28,24,5,6.7,,0.998399,243.68,226.47,6.732071,5.5,,0.976345,269.0,267.78,5.613,,,
3514403,2025,2,,,,,,,0,0,0,1494,0,0,0,0,0,0,0,0,4,,,,,,,5.6,,0.98447,269.96,268.55,5.641833,,,
3514403,2025,3,,,,,,,1020,791,1885,77,175,182,38,101,10,9,9,9,2,6.9,,0.997191,248.57,230.9,6.905937,5.6,,1.0,265.89,271.52,5.6235,,,
3516606,2025,2,,,,,,,0,0,0,238,0,0,0,0,0,0,0,0,1,,,,,,,5.0,,1.0,245.78,251.63,4.956833,,,
3516606,2025,3,13632931.02,7484105.51,4405799.5,13632931.02,7484105.51,4405799.5,112,131,330,0,12,23,0,19,0,1,1,1,0,6.5,,0.997168,239.03,219.64,6.519149,,,,,,,,,
3516705,2025,2,,,,,,,0,0,0,1581,0,0,0,0,0,0,0,0,6,,,,,,,5.0,,0.988945,253.72,249.44,5.052667,,,
3516705,2025,3,59415105.13,31706829.75,19347513.46,60300240.45,32091042.29,19612577.66,787,840,1925,0,107,183,0,94,0,15,10,9,0,6.2,,0.993992,229.33,215.13,6.252034,,,,,,,,,
3517703,2025,2,,,,,,,0,0,0,0,0,0,0,0,0,0,0,0,0,,,,,,,,,,,,,,,
3517703,2025,3,43860170.37,33760862.14,8321215.51,43917429.01,33818120.78,8321215.51,280,321,1049,821,102,75,49,55,38,5,4,6,2,6.0,,0.997984,222.12,207.13,5.968984,4.6,,0.933257,248.83,243.84,4.877833,,,
3525300,2025,2,,,,,,,0,0,0,3907,0,0,0,0,0,0,0,0,13,,,,,,,5.2,,0.973043,260.34,262.15,5.374833,,,
3525300,2025,3,175352033.14,84650696.86,62547345.57,190443500.84,94421524.43,62766815.86,1520,2119,5711,478,262,307,40,255,24,32,26,19,1,6.6,,1.0,236.27,224.8,6.560295,5.2,,0.984887,258.08,260.53,5.310167,,,
3526001,2025,2,,,,,,,0,0,0,930,0,0,0,0,0,0,0,0,2,,,,,,,5.9,,0.970892,285.44,281.43,6.1145,,,
3526001,2025,3,39618509.96,19860904.2,15628546.49,40078601.67,19862941.44,16086600.96,523,425,1045,0,61,75,0,49,0,5,5,3,0,8.0,,1.0,284.32,255.98,8.044189,,,,,,,,,
3527108,2025,2,,,,,,,0,0,2561,2495,0,0,0,0,0,0,0,8,10,6.5,,0.986985,238.19,224.08,6.583845,5.0,,0.953697,256.72,258.0,5.245333,,,
3527108,2025,3,101789529.57,33529844.71,48113590.66,102510464.03,33611538.29,48688275.61,736,1389,992,337,269,57,28,43,16,13,11,5,1,6.8,,1.0,245.73,228.77,6.813011,5.6,,1.0,269.43,264.75,5.569667,,,
3527702,2025,2,,,,,,,0,0,0,222,0,0,0,0,0,0,0,0,1,,,,,,,6.2,,0.991427,297.33,280.07,6.29,,,
3527702,2025,3,12701202.05,7210972.24,5029934.42,12722792.94,7212507.19,5049990.36,159,116,357,0,15,19,0,16,0,1,1,1,0,6.7,,1.0,250.78,215.38,6.665931,,,,,,,,,
3529005,2025,2,,,,,,,7,0,1974,7752,0,0,0,0,0,1,0,11,30,7.2,,0.997197,260.28,235.14,7.206501,5.1,,0.968726,257.6,258.67,5.271167,,,
3529005,2025,3,342508402.03,119095475.42,132306682.34,353278568.21,120920015.25,140889759.91,4887,4701,8717,0,766,401,3,359,2,40,29,21,0,7.1,,0.998599,255.97,233.86,7.100976,,,,,,,,,
3533700,2025,2,,,,,,,0,0,0,245,0,0,0,0,0,0,0,0,1,,,,,,,5.1,,0.991541,255.65,254.37,5.167,,,
3533700,2025,3,12024227.43,6933035.65,4083568.17,12035257.24,6935345.48,4086002.23,150,112,262,0,11,22,0,13,0,1,1,1,0,6.5,,1.0,237.47,221.83,6.529196,,,,,,,,,
3534005,2025,2,,,,,,,0,0,0,263,0,0,0,0,0,0,0,0,1,,,,,,,4.7,,0.955044,250.76,244.07,4.913833,,,
3534005,2025,3,11869831.7,10656555.02,1103134.28,11869831.7,10656555.02,1103134.28,123,126,327,0,17,23,0,20,0,1,1,1,0,6.9,,1.0,251.42,228.76,6.921417,,,,,,,,,
3534708,2025,2,,,,,,,0,0,382,2779,0,0,0,0,0,0,0,4,12,6.8,,0.997735,245.32,227.89,6.789187,5.3,,0.978289,263.25,264.26,5.4585,,,
3534708,2025,3,163190535.26,96087926.73,64696845.24,163231749.12,96129140.59,64696845.24,1597,1906,4694,1567,473,304,105,237,68,20,21,12,3,6.6,,0.9812,245.67,226.48,6.77023,5.2,,0.965314,263.26,259.23,5.374833,,,
3540002,2025,2,,,,,,,0,0,0,843,0,0,0,0,0,0,0,0,2,,,,,,,5.5,,0.976247,265.17,270.05,5.587,,,
3540002,2025,3,47964725.98,26658702.73,14487134.67,47964725.99,26658702.74,14487134.67,383,412,1084,0,90,85,0,58,0,4,4,3,0,7.2,,1.0,258.06,235.54,7.171407,,,,,,,,,
3541406,2025,2,,,,,,,24,0,0,7038,0,0,0,0,0,1,0,0,26,,,,,,,5.4,,0.963289,267.09,268.28,5.5895,,,
3541406,2025,3,299940651.82,151590781.29,131317136.04,300213024.97,151815871.82,131364418.66,3996,3711,9849,0,1019,436,4,427,4,34,38,32,0,6.6,,0.975356,242.91,228.91,6.76174,,,,,,,,,
3541703,2025,2,,,,,,,0,0,0,466,0,0,0,0,0,0,0,0,1,,,,,,,5.0,,0.983739,258.63,247.11,5.095667,,,
3541703,2025,3,,,,,,,324,275,681,0,38,45,0,36,0,3,3,2,0,6.7,,1.0,244.63,223.43,6.694928,,,,,,,,,
3543907,2025,2,,,,,,,11,0,147,7034,0,0,0,0,0,1,0,1,17,7.7,,1.0,265.62,256.28,7.692773,5.4,,0.979188,263.09,268.31,5.523333,,,
3543907,2025,3,337549773.33,203521055.87,97941238.5,341005574.48,205735386.32,99174972.18,3947,3643,9430,120,749,609,19,459,10,46,28,28,1,6.3,,0.98547,233.32,219.82,6.413452,5.2,,0.930148,264.76,270.08,5.580667,,,
3548906,2025,2,,,,,,,36,19,6134,8146,0,0,0,0,0,1,1,15,25,7.6,,0.995194,268.75,248.58,7.612506,5.7,,0.983712,273.27,273.36,5.777167,,,
3548906,2025,3,364114703.13,35814902.09,36783262.52,382072685.42,37657479.38,46882909.54,3759,4263,5788,881,1070,290,58,230,30,51,38,11,2,6.5,,0.990739,238.57,222.8,6.567824,5.3,,0.974514,259.69,266.71,5.44,,,
3555000,2025,2,,,,,,,0,0,1033,2328,0,0,0,0,0,0,0,6,9,7.3,,0.993964,263.17,240.18,7.35329,5.3,,0.985145,262.27,261.12,5.389833,,,
3555000,2025,3,90333278.24,43911551.23,42749308.41,92652080.95,44686333.81,44289525.96,1270,1035,1953,0,130,213,0,115,0,9,9,11,0,6.7,,0.999599,243.56,227.05,6.740326,,,,,,,,,
3556602,2025,2,,,,,,,0,0,0,398,0,0,0,0,0,0,0,0,2,,,,,,,5.8,,0.980631,274.87,281.46,5.938833,,,
3556602,2025,3,17140656.52,10556050.82,5686664.67,17161295.73,10574559.73,5688794.97,193,217,504,0,44,34,0,26,0,3,2,2,0,6.3,,0.995976,229.28,217.01,6.285262,,,,,,,,,
